m30,m31,m32,m33,m34,m35,m36,m37,m38,m39,m40,m41,m42,m43,m44,m45,m46,m47,m48,m49,m50,m51,m52,m53,m54,m55,m56,m57,m58,m59,m60,m61,m62,m63,m64,m65,m66,m67,m68,m69,m70,m71,m72,m73,m74,m75,m76,m77,m78,m79,m80,m81,m82,m83,m84,m85,m86,m87,m88,m89,m90,m91,m92,m93,m94,m95,m96,m97,m98,m99,m100,m101,m102,m103,m104,m105,m106,m107,m108,m109,m110,m111,m112,m113,m114,m115,m116,m117,m118,m119,m120,m121,m122,m123,m124,m125,m126,m127,m128
3.390608254436567215e+00,3.393105446323426033e+00,3.446608085651306386e+00,3.496389757674463361e+00,3.553448389236639748e+00,3.396002674926177356e+00,3.362632281906147380e+00,3.409359897715965371e+00,3.427566651393259001e+00,3.476314055779747836e+00,3.504959957532282733e+00,3.544268165040397101e+00,3.590938125926350644e+00,3.460466460246518494e+00,3.374364852742733678e+00,3.352213571941263126e+00,3.349339278300951683e+00,3.389479140468355300e+00,3.418671065300181944e+00,3.446455611833097787e+00,3.477893134818553555e+00,3.426074085794577950e+00,3.462801825803428990e+00,3.499094202210860871e+00,3.535143364038420000e+00,3.568637852041641523e+00,3.601903218954991548e+00,3.631387900292267545e+00,3.661330845083373031e+00,3.802062582206222174e+00,3.823064150288176144e+00,3.726348325021384245e+00,3.697263196160271104e+00,3.697425202117803789e+00,3.723152362715838493e+00,3.611447248345646344e+00,3.569100117031520636e+00,3.481911118589948728e+00,3.456218343614909205e+00,3.439645228206550165e+00,3.385097965053549096e+00,3.395686196486070951e+00,3.420969276786916868e+00,3.350006063532592560e+00,3.291459212725839745e+00,3.233468093207241711e+00,3.189813435344727388e+00,3.204015084889849430e+00,3.262286942447588878e+00,3.243320989025920920e+00,3.098890899493789153e+00,2.938507789202063236e+00,2.904381958728821989e+00,2.945983714555401534e+00,3.049868357863714685e+00,3.060271392327271744e+00,2.964110397718870971e+00,2.981802730666765822e+00,2.985826266519182148e+00,2.892466207179707371e+00,2.820633831161483585e+00,2.788175036090089431e+00,2.768058325977431178e+00,2.740633285655433404e+00,2.744177807472419239e+00,2.732637681356267390e+00,2.688426273708676817e+00,2.585484667867334441e+00,2.488082934082418429e+00,2.419158790108102419e+00,2.383565507212567436e+00,2.349316079809671276e+00,2.331752438439921971e+00,2.315659165822821830e+00,2.319820264464336201e+00,2.269817356206631054e+00,2.253379760919215880e+00,2.234663108732796388e+00,2.179738444436211786e+00,2.155013377444985334e+00,2.090865742777440417e+00,2.082633586782584700e+00,2.092260062393403341e+00,2.030080050588527474e+00,2.012346632218338094e+00,1.993421168737407934e+00,1.998718503006099656e+00,2.006658208851328506e+00,1.997370177684489212e+00,2.007536238459508127e+00,2.013309337935761167e+00,2.022137184682363920e+00,2.030135321521850944e+00,2.023301205736823594e+00,2.032076173588520884e+00,2.025048599895039381e+00,1.989297141518041823e+00,1.987434127155638386e+00,1.996974216718156558e+00
3.239415850417793230e+00,3.187265083381100261e+00,3.062305463848093101e+00,3.110811778993673116e+00,3.159393180496811393e+00,3.200118610022157473e+00,3.203322700073147900e+00,3.234360475340194885e+00,3.223867410105837106e+00,3.210329952211750548e+00,3.245270865278082173e+00,3.280063776156390887e+00,3.323843390720427227e+00,3.347206522511270155e+00,3.293331068201458045e+00,3.285738791454669183e+00,3.175832184693996751e+00,3.118500745403311569e+00,3.127245694374459095e+00,3.059628406603762230e+00,3.022206426661048440e+00,2.927670227995018415e+00,2.916031662842228478e+00,2.909776361044127846e+00,2.913883614372600128e+00,2.839189979867525526e+00,2.786221830728179416e+00,2.748013541616056266e+00,2.723059323976471990e+00,2.707532491711960088e+00,2.650298644236757539e+00,2.656941634996184298e+00,2.626941935965419361e+00,2.641600807536335083e+00,2.665574847462524932e+00,2.678698891237696333e+00,2.661966314205304052e+00,2.677644954710066028e+00,2.667213031762570630e+00,2.662097061459215652e+00,2.681274533100490576e+00,2.691244432178647283e+00,2.672358166285091485e+00,2.531638600057203536e+00,2.412806293949033343e+00,2.304311069788484101e+00,2.205228043547074801e+00,2.142766099088559084e+00,2.008391233123963726e+00,1.885981443877678077e+00,1.742329544003500041e+00,1.711929229881892223e+00,1.686526180594688729e+00,1.681845950050695926e+00,1.673887681020645113e+00,1.641700148035982298e+00,1.641848184048237735e+00,1.654759475347972630e+00,1.657561946755773619e+00,1.669032103652957177e+00,1.680761011103123481e+00,1.671869725357296055e+00,1.666088421713756818e+00,1.675172180381757858e+00,1.684287607406156351e+00,1.680966256173657802e+00,1.692871497586397211e+00,1.686016538649667718e+00,1.680924251622606169e+00,1.691372525897124168e+00,1.648789095115319459e+00,1.610444171262779500e+00,1.606475778581367253e+00,1.577741379918326414e+00,1.563972090666773118e+00,1.568792792117466472e+00,1.577740994309665412e+00,1.576123827120749610e+00,1.586459983954402020e+00,1.558219992528480535e+00,1.561518653522969258e+00,1.554368712348680681e+00,1.563865348310315095e+00,1.547632386907014546e+00,1.489349522636563172e+00,1.476834745086078593e+00,1.423702425505490199e+00,1.377645114645772217e+00,1.372572487791621221e+00,1.377395584905588333e+00,1.357362701426658491e+00,1.362313395314486142e+00,1.342904350528124402e+00,1.342843827290317815e+00,1.350987995870204905e+00,1.311665919409225056e+00,1.309200831451418079e+00,1.315352999372439324e+00,1.319519567367522406e+00
1.542971020836887419e+00,1.574225245384931693e+00,1.594719588170242730e+00,1.614109099897841570e+00,1.561857530841620267e+00,1.537337099926695094e+00,1.567629147055187078e+00,1.556247168223855226e+00,1.453016609640247481e+00,1.345398066323398201e+00,1.347522354725519289e+00,1.372063843202284028e+00,1.351395432599582280e+00,1.356232740375752366e+00,1.380290398844110422e+00,1.402068731511548094e+00,1.392881605504726839e+00,1.397845797693269221e+00,1.418363060354925764e+00,1.402483077246633458e+00,1.411360309564308357e+00,1.389927509776685000e+00,1.398535456949043132e+00,1.395485680289353603e+00,1.412463030084481153e+00,1.341629391484396638e+00,1.312884411011861374e+00,1.279716966496194486e+00,1.266552840779362477e+00,1.233742982796126819e+00,1.133617734462006199e+00,1.135012215606693520e+00,1.149180643206361152e+00,1.116549498203139423e+00,1.130369844304932592e+00,1.144334078493188578e+00,1.145572314730464170e+00,1.160633063200998238e+00,1.147901746840642057e+00,1.130165114022971817e+00,1.144478881651026958e+00,1.153498658042485081e+00,1.160942212958238295e+00,1.110204953116666671e+00,1.081013965090144247e+00,1.055844621093391833e+00,1.009709097526486188e+00,9.723154319088808117e-01,9.043568835408283269e-01,8.404593345958949469e-01,7.970642377247127985e-01,8.066882846386751460e-01,8.168476151890073922e-01,8.764603973381196456e-01,8.956205774886747406e-01,8.949221400470208643e-01,9.063859906921001297e-01,9.000133885392337385e-01,9.107290615538774503e-01,9.103069630186763073e-01,9.196219463712541620e-01,9.280250706495795088e-01,9.278153040326472256e-01,8.993339356264781204e-01,9.084816594200006978e-01,9.010704970685036175e-01,9.111693480628709763e-01,9.214609309732190168e-01,9.304492940279518454e-01,9.357487852355165225e-01,9.257578423665987488e-01,9.244834525491469890e-01,9.302207639134700834e-01,9.080820538761131822e-01,8.773422850663199490e-01,8.865724707924940162e-01,8.936001895935122841e-01,9.030052415724379999e-01,8.911933670419770470e-01,8.989960183652678793e-01,8.976333524346329362e-01,8.864072701587126790e-01,8.954215210452143303e-01,9.041800843379403929e-01,8.908133789040380002e-01,8.994460183079638904e-01,8.863974479663333517e-01,8.584565216125270570e-01,8.648273588004147250e-01,8.724324584251305081e-01,8.535280403052544207e-01,8.611133880622319214e-01,8.576775249645500754e-01,8.621941040955432012e-01,8.646723626912156124e-01,8.430949050513878440e-01,8.501360015601449049e-01,8.572788393891825898e-01,8.393583788231024911e-01
3.425257566305241141e+00,3.320832790954142855e+00,3.328332907271409180e+00,3.311199854721601277e+00,3.228267451743636052e+00,2.940465090858676245e+00,2.825296016263335375e+00,2.774308895679832965e+00,2.645994540803706663e+00,2.574415343812225920e+00,2.583164855835052176e+00,2.590344206429228802e+00,2.542670032674276381e+00,2.339897844058906440e+00,2.235060368594543156e+00,2.174706802775358216e+00,2.166467796595445527e+00,2.183904674303089877e+00,2.160576691704167107e+00,2.184953667027323743e+00,2.210475271906206185e+00,2.235655771661408941e+00,2.261126764964333180e+00,2.273059716864252788e+00,2.297954727983353873e+00,2.290054840819102377e+00,2.309703126019523989e+00,2.317919777417613236e+00,2.337437643865019510e+00,2.466510737515866136e+00,2.519497088032240484e+00,2.376518886782434503e+00,2.323978624765005385e+00,2.256957292552976391e+00,2.250692264063778314e+00,2.198707909049542497e+00,2.199330180701302151e+00,2.197155702208386518e+00,2.216291229521611950e+00,2.235550137705344831e+00,2.247111778835168217e+00,2.215884757350439660e+00,2.224226729058227825e+00,2.232697318903442696e+00,2.232529934935956195e+00,2.233404225605581939e+00,2.250439901849131008e+00,2.265864948621203911e+00,2.292027106597218200e+00,2.326994405730587800e+00,2.326294602106576015e+00,2.248587539967362492e+00,2.265777752463181027e+00,2.340710685181058626e+00,2.412033643520185233e+00,2.341241501802953096e+00,2.339118800933063458e+00,2.338538575135197028e+00,2.353817475829394379e+00,2.300020872181896436e+00,2.290874955317073081e+00,2.283928709487532238e+00,2.296682691182904801e+00,2.229563248822429955e+00,2.211846196363513428e+00,2.225929699307320764e+00,2.233149818273284293e+00,2.209239199855575375e+00,2.171585985587593637e+00,2.146867439015040624e+00,2.154890289888457655e+00,2.155284236460375702e+00,2.160667336100829949e+00,2.172344839290487606e+00,2.170244424797362903e+00,2.178741013366420898e+00,2.190512562684642894e+00,2.171583099130259598e+00,2.115740716886281181e+00,2.095647283939139349e+00,2.037544265345013539e+00,2.031421694825227942e+00,2.041594753682439478e+00,2.031694901238808360e+00,2.040579933939171919e+00,2.041052227644448269e+00,2.052011392676483137e+00,2.057159909811971943e+00,2.067806994938351295e+00,2.077681463926182914e+00,2.074581035740605817e+00,2.081644078233237050e+00,2.091402844669067118e+00,2.100649100309060824e+00,2.108531972954855060e+00,2.117698767990801034e+00,2.125521240853724958e+00,2.130723024837059665e+00,2.117716439813316143e+00
1.756973654693924969e+00,1.793356505224910080e+00,1.783157997678592954e+00,1.818617544272959741e+00,1.813077907861203153e+00,1.782822653138342206e+00,1.812939893416933401e+00,1.781128868754724648e+00,1.653446530061393860e+00,1.577124541312813433e+00,1.588948319441735535e+00,1.615274367429649249e+00,1.625797091644283432e+00,1.626389919437451592e+00,1.650020477888671122e+00,1.675644571166029051e+00,1.660793929590670626e+00,1.637905291151759979e+00,1.659950624266762542e+00,1.610421679914811888e+00,1.594737414001154541e+00,1.572341960741080014e+00,1.558328564534083638e+00,1.536192164939989224e+00,1.540191794309267115e+00,1.440447951578064378e+00,1.382152816678702489e+00,1.317296871399115998e+00,1.276209901152293158e+00,1.224147853647174822e+00,1.099790400495197495e+00,1.087641531953386087e+00,1.103930655125945570e+00,1.041585881652235424e+00,1.047913157461556333e+00,1.044111754635107081e+00,1.058217032364286991e+00,1.065771472676122267e+00,1.074281196388729764e+00,1.080286099655459298e+00,1.089770663969701348e+00,1.103395647516619560e+00,1.100508109902378351e+00,1.061319416756635992e+00,1.039218823591037122e+00,1.022866973209549668e+00,9.921857331305056205e-01,9.453532131225113044e-01,8.896360571363373104e-01,8.284337155137960762e-01,7.992874687274093004e-01,8.118716092872768630e-01,8.415957649824320486e-01,9.104117931203357106e-01,9.606983397021299220e-01,9.604885650521108875e-01,9.666124858351036186e-01,9.754781032783657047e-01,9.769972621257458911e-01,9.506960422736852045e-01,9.433443099267162513e-01,9.535494489199444201e-01,9.641204488118814142e-01,9.173037809384838592e-01,9.212169545048848329e-01,9.294791222929272845e-01,9.299361293619193836e-01,9.343879306656356354e-01,9.360155742818840885e-01,9.261658548497786470e-01,9.292074232199445394e-01,9.359761667986153943e-01,9.458412142090106833e-01,9.415863661227682480e-01,9.297222141012110308e-01,9.381593011429546491e-01,9.476374279404784495e-01,9.543860021439982688e-01,9.290513478073739728e-01,9.380874515912592804e-01,9.321203271604845408e-01,9.024578030423123787e-01,9.087940565637314672e-01,9.176910878360271528e-01,9.093927676756091705e-01,9.173254859785827664e-01,8.996604130765978313e-01,8.702335588610988770e-01,8.761266055185860102e-01,8.804858172408013273e-01,8.495245885636690808e-01,8.577122789346091070e-01,8.434869213679991873e-01,8.374438763196035973e-01,8.452175222160819290e-01,8.332069744928961574e-01,8.412876527980389652e-01,8.487226383465920065e-01,8.445467939366018140e-01
5.025533212171827913e+00,4.782718104557054595e+00,4.477715380892539621e+00,4.176606992519112715e+00,4.046526216046477664e+00,4.106234425432963242e+00,4.140597522637163408e+00,4.202367896783559154e+00,4.254531346385931556e+00,4.271868967271456263e+00,4.245399805159509654e+00,4.058513566245387949e+00,3.987033603598569176e+00,4.038170133119975524e+00,4.048730119120008020e+00,4.091982262961430195e+00,4.063539530089316010e+00,3.852059202852351927e+00,3.763195634956581603e+00,3.756786377390949117e+00,3.708865536475748570e+00,3.746887185001787746e+00,3.716899675298021677e+00,3.740077985581338194e+00,3.699983369306379721e+00,3.683210970130846640e+00,3.615584464512749729e+00,3.571452141424547033e+00,3.507482535232397947e+00,3.506423725178027695e+00,3.475003958652928659e+00,3.504121595801971800e+00,3.533374114434048252e+00,3.553526907944478008e+00,3.584209307902436414e+00,3.510579969811409295e+00,3.494212555710698442e+00,3.355276710488106939e+00,3.294280337709440953e+00,3.210915678008562590e+00,3.070888519772482450e+00,3.043794317938504523e+00,2.973032077869448120e+00,2.991664612337952445e+00,3.014489875381844541e+00,3.035985658386501918e+00,3.040718119117072238e+00,3.060605288922930711e+00,3.181404723668078027e+00,3.223031198601870262e+00,3.248555505449786551e+00,3.385533048422616709e+00,3.447274738368183655e+00,3.503255688533430057e+00,3.560341055047572922e+00,3.600886355267869821e+00,3.499176304768491175e+00,3.439653598183953331e+00,3.336223213011699329e+00,3.287883014480477151e+00,3.193789333981981393e+00,3.189115282861540557e+00,3.151625987652821426e+00,3.165727508880147756e+00,3.184365475564570502e+00,3.129710720102635069e+00,3.031489042671599687e+00,2.988955164875819914e+00,2.972373937637157404e+00,2.932075969249418712e+00,2.930482386008954609e+00,2.940592065054874027e+00,2.936729325771080035e+00,2.909284085794540786e+00,2.874242285684296849e+00,2.815359273335700685e+00,2.746888256812368034e+00,2.761091971602273265e+00,2.765338120711428704e+00,2.776936463380377251e+00,2.790640555518523858e+00,2.765416704908433942e+00,2.767120318633634835e+00,2.773545953633244743e+00,2.787446643747751196e+00,2.800451556270139974e+00,2.803280333981386985e+00,2.816872179305885737e+00,2.825988428712876477e+00,2.838442377012964979e+00,2.840511741109839505e+00,2.840118898679321102e+00,2.817978268781212936e+00,2.765408959067938266e+00,2.748306344279395130e+00,2.749140645386252579e+00,2.729543235643546062e+00,2.641871116940799347e+00,2.600648873467355404e+00
2.039907761432626643e+00,2.076933347234497962e+00,2.066791484727043215e+00,2.065608191307836350e+00,2.104210336661040515e+00,2.040368150486724375e+00,1.873244338995291969e+00,1.776237866087111206e+00,1.781248975557167658e+00,1.811121877263863533e+00,1.805601091866013030e+00,1.815127738883254960e+00,1.843464137402870850e+00,1.807719501745905788e+00,1.816378957559116492e+00,1.697615595029357216e+00,1.655713225263419242e+00,1.669868670242367736e+00,1.690645704718449327e+00,1.680522420826377816e+00,1.688301119608605960e+00,1.711092986642798186e+00,1.711327603574742673e+00,1.705004990427472888e+00,1.717035570196070893e+00,1.737367262120525169e+00,1.754196171738689358e+00,1.774682047314923405e+00,1.794058957417489664e+00,1.799492793847194960e+00,1.901376319917401636e+00,1.874175165913538610e+00,1.782143709526300857e+00,1.785982985897290432e+00,1.745140554199065663e+00,1.730032263873423792e+00,1.655960480693604131e+00,1.659303393307089758e+00,1.618448389948828225e+00,1.594751660699549101e+00,1.607526260471885404e+00,1.623207256806910914e+00,1.618733209996009004e+00,1.572304007967283646e+00,1.524431447186240351e+00,1.478902935818626529e+00,1.459187914008620579e+00,1.469109028590884325e+00,1.459266986449542225e+00,1.449572164280538145e+00,1.513073206611893262e+00,1.526751377522932884e+00,1.546071742031158269e+00,1.603881173756107836e+00,1.639633451768912176e+00,1.675616298530019144e+00,1.678668924144843366e+00,1.686178365018925041e+00,1.697579445865289527e+00,1.680653318535602514e+00,1.679885230999412560e+00,1.617007908883992151e+00,1.583304374221229605e+00,1.577228959482734894e+00,1.529859075003557445e+00,1.511746288599072896e+00,1.520708296305945284e+00,1.515089807667759692e+00,1.505470636831818476e+00,1.499914472471738369e+00,1.458563335518494153e+00,1.411094467661617502e+00,1.370879142186754773e+00,1.359484314836210572e+00,1.364682976627731747e+00,1.374316749509082669e+00,1.381990442683249221e+00,1.324594885625780538e+00,1.316254492455614544e+00,1.262259726643652824e+00,1.255776960687281285e+00,1.262752651452741848e+00,1.245480268458488471e+00,1.250999762667798665e+00,1.229913409477754183e+00,1.238804426395810676e+00,1.235910245425535070e+00,1.241524351941123649e+00,1.246610341118808307e+00,1.239344241983703521e+00,1.247868347752400187e+00,1.250994411837350384e+00,1.257720754850773170e+00,1.266097032978879877e+00,1.263196788601872900e+00,1.258168538448784179e+00,1.266368494815782286e+00,1.269155834869384547e+00,1.275756050756256865e+00
5.025533212171827913e+00,4.646988894570769801e+00,4.477715380892539621e+00,4.301089006173874907e+00,4.046526216046477664e+00,4.079722045082162296e+00,4.140597522637163408e+00,4.194222655527450883e+00,4.254531346385931556e+00,4.218754403844724443e+00,4.245399805159509654e+00,4.149757474823368320e+00,3.987033603598569176e+00,4.029892596897370893e+00,3.996721447158842810e+00,4.043906637666961679e+00,4.063539530089316010e+00,3.942398270291625817e+00,3.763195634956581603e+00,3.704363683982510036e+00,3.596138449377897839e+00,3.634555131121087079e+00,3.562341674624714294e+00,3.565716983267474660e+00,3.486922851850672522e+00,3.515146366496237906e+00,3.513982012819225176e+00,3.523593522096033048e+00,3.517593224283213083e+00,3.492033078142962488e+00,3.475003958652928659e+00,3.504944792983361701e+00,3.533374114434048252e+00,3.564234578165583756e+00,3.584209307902436414e+00,3.560390674486813012e+00,3.494212555710698442e+00,3.421223040836590457e+00,3.294280337709440953e+00,3.141315499749635975e+00,3.070888519772482450e+00,2.992941189349626718e+00,2.973032077869448120e+00,2.970986738865103671e+00,2.984983696590666202e+00,2.995229867623387943e+00,2.975765216354004039e+00,2.997362736188675658e+00,3.042458555430999745e+00,3.121724828379192740e+00,3.189781250934106360e+00,3.288530344534981165e+00,3.365970266851275650e+00,3.478172850443636221e+00,3.472527144393092957e+00,3.549498363623416974e+00,3.499176304768491175e+00,3.387761719399988269e+00,3.336223213011699329e+00,3.323464973994881611e+00,3.275681113993433424e+00,3.236107830360193560e+00,3.151625987652821426e+00,3.170493454347442341e+00,3.184365475564570502e+00,3.079801614042351865e+00,3.031489042671599687e+00,3.021858108067617454e+00,3.027442996910599149e+00,3.016890461204052354e+00,2.982381483735396355e+00,2.971120595167330958e+00,2.936729325771080035e+00,2.869604503159549846e+00,2.793467354215409593e+00,2.774050427836439070e+00,2.746888256812368034e+00,2.751032397323380341e+00,2.765338120711428704e+00,2.779278760642569068e+00,2.790640555518523858e+00,2.790431482228827420e+00,2.767120318633634835e+00,2.781051548081854730e+00,2.787446643747751196e+00,2.790111778208475446e+00,2.803280333981386985e+00,2.812547294646445373e+00,2.825988428712876477e+00,2.827886650969477333e+00,2.840511741109839505e+00,2.817015562493583314e+00,2.817978268781212936e+00,2.798136959736319263e+00,2.748306344279395130e+00,2.727395436762607872e+00,2.729543235643546062e+00,2.683805579114462603e+00,2.600648873467355404e+00
4.240816016449675097e+00,4.155665780222532746e+00,4.173311489663125151e+00,4.211590061210562119e+00,4.278186854467457501e+00,4.345091931733282564e+00,4.404735063932477601e+00,4.274685823440258936e+00,4.250795864135842983e+00,4.234396914000114087e+00,4.165110625014531998e+00,4.214983393995253458e+00,4.269168844026049570e+00,4.307932260647412193e+00,4.222552627277306847e+00,4.273769114640180611e+00,4.262793312380281918e+00,4.268135067205655275e+00,4.236703332374157860e+00,3.979550726808081862e+00,3.827087174440126471e+00,3.578708876137135064e+00,3.470334828498903512e+00,3.355041554791379443e+00,3.306157274781724720e+00,3.264543199267377904e+00,3.256747243383028234e+00,3.248272363667990881e+00,3.254912812771025621e+00,3.212135472262669378e+00,3.138559377459008815e+00,3.151319589776856667e+00,3.179580647586897513e+00,3.193443514611182366e+00,3.178088440539191595e+00,3.185804980083820848e+00,3.211582080756391289e+00,3.211088580096595368e+00,3.233770498370106328e+00,3.254508064976260329e+00,3.254936129265315614e+00,3.248306664566518176e+00,3.267380480964523048e+00,3.185781125570738670e+00,3.131999402677092981e+00,3.085713620782946975e+00,3.025167223518824500e+00,2.981184480633666034e+00,2.925729880079634970e+00,2.860186189877841567e+00,2.725972026143589577e+00,2.581830512774119235e+00,2.418036715664545699e+00,2.202027578687551390e+00,2.089679276043509226e+00,2.082401038983992869e+00,2.052633768388108404e+00,2.062053252910529544e+00,2.075668495499183752e+00,2.088891874675640192e+00,2.097526629578678303e+00,2.107000145676377389e+00,2.120708126757881562e+00,2.127825927154071373e+00,2.110264934256143032e+00,2.124010773805252494e+00,2.127031156168519122e+00,2.102224947971327307e+00,2.088665491774484906e+00,2.098974998975691619e+00,2.105652322813135857e+00,2.115551356496541580e+00,2.126018332156113022e+00,2.126005852827781872e+00,2.125583589718350375e+00,2.099269641465561609e+00,2.073537893191918613e+00,2.076129211198972868e+00,2.088117384121958686e+00,2.099906230913938909e+00,2.101361738116737765e+00,2.103009209600812390e+00,2.079899296087557747e+00,2.029818628092094901e+00,2.019370834945412696e+00,1.964057162940314516e+00,1.950362245828097141e+00,1.927085202748457293e+00,1.863963974638451093e+00,1.820510026940338033e+00,1.813533407184597435e+00,1.790007136077879313e+00,1.792896700041184843e+00,1.802502991721158798e+00,1.802255386423027739e+00,1.791794552264414975e+00,1.748382649650836340e+00,1.745898514251324141e+00,1.754921987054842036e+00
4.947734580599553844e+00,4.998534507491808832e+00,5.010810405701958459e+00,5.063508648523205480e+00,5.078901780029595692e+00,5.148260442992002694e+00,5.191637276839618842e+00,5.225576654460288850e+00,5.222239271844895114e+00,5.135414903564512024e+00,5.132208970823547212e+00,5.194144144826272402e+00,5.235042918058448791e+00,5.267226984441806259e+00,5.224453812805093023e+00,5.232732523407033653e+00,5.152495634809662661e+00,5.175187200524309361e+00,5.225950229055928986e+00,5.167519006734590192e+00,5.166597657473562144e+00,4.996491740058356612e+00,5.017978399894860608e+00,5.025623874258231538e+00,5.064267269753376155e+00,5.019893381343722538e+00,5.018808997978312370e+00,5.024902666301098719e+00,5.047451665483460026e+00,5.060027250472497684e+00,4.962804271515836696e+00,4.975118796553561928e+00,4.959320616085073574e+00,4.994782626781188561e+00,5.036452450907039413e+00,5.020186549730383696e+00,4.969912538832301330e+00,4.944986000377000757e+00,4.885520557636709782e+00,4.827968752291421417e+00,4.818858508247164885e+00,4.851746985005780388e+00,4.871439333488931211e+00,4.660354908270357477e+00,4.501796153582183990e+00,4.351930211004493287e+00,4.182561515245537542e+00,4.114684745459002535e+00,3.975548297355826044e+00,3.785717792916202473e+00,3.529922929711267088e+00,3.440947018833284243e+00,3.358067799604968151e+00,3.361762813371710124e+00,3.365021854592967987e+00,3.401579785134048795e+00,3.338773103438593015e+00,3.341616924147085665e+00,3.360370246999843324e+00,3.357882305557097435e+00,3.345444679406810007e+00,3.318646148369089222e+00,3.279069630324873419e+00,3.297058700225448113e+00,3.314905303523594249e+00,3.272161644456857754e+00,3.265508793644817498e+00,3.214283144853088636e+00,3.179896172037545377e+00,3.178302052292562241e+00,3.094606771092129893e+00,3.031799767653914568e+00,3.011921382663280689e+00,2.926794655350146712e+00,2.863618632747398252e+00,2.831791575457783594e+00,2.813311400633821346e+00,2.812589620093862042e+00,2.825857339704640037e+00,2.801254229449126942e+00,2.803482914927435843e+00,2.812831166706176500e+00,2.827067152688635510e+00,2.784946255859688247e+00,2.704743901008285878e+00,2.688370354216409908e+00,2.641718522531394608e+00,2.581248757792166337e+00,2.560704151627266167e+00,2.567796563021293998e+00,2.557694731298227886e+00,2.569243963682926957e+00,2.570391174980853677e+00,2.582406322418620892e+00,2.586480001772604620e+00,2.509390363544265590e+00,2.476219699382538941e+00,2.477608738173792791e+00,2.458671999981991707e+00
1.897294852881727278e+00,1.914525520993919816e+00,1.861598884240768914e+00,1.887960246002260201e+00,1.919606731046832548e+00,1.879963198055863982e+00,1.907945891582466968e+00,1.881552514070012450e+00,1.765702943377406964e+00,1.750700625945256439e+00,1.779534826837615658e+00,1.787306670647977880e+00,1.815572860704069758e+00,1.803043935787438601e+00,1.829387097628666581e+00,1.855376488453278183e+00,1.849126611340677462e+00,1.793764198749923544e+00,1.806275825270901914e+00,1.756004689264099916e+00,1.727278125961142274e+00,1.734293111799867892e+00,1.706194370163587770e+00,1.683835691905227527e+00,1.673772557870535138e+00,1.579889780456683823e+00,1.507951193677464774e+00,1.430035130987565406e+00,1.368930423071744951e+00,1.332494823335171663e+00,1.233208530504107170e+00,1.199367784676375726e+00,1.213222323452080254e+00,1.143029366161023130e+00,1.144967789357019816e+00,1.082204126922105436e+00,1.086738866750852850e+00,1.038364923170767229e+00,1.047561527711921903e+00,1.058125656991696806e+00,1.024140443564963920e+00,1.037993807260162660e+00,1.020789293393296271e+00,1.022488960683093584e+00,1.027945710358283193e+00,1.036535554495392697e+00,1.042874065092301183e+00,1.018168354635615724e+00,1.046584877348415654e+00,1.039123682900234380e+00,1.042152619052854723e+00,1.054731097844663568e+00,1.111006251534411238e+00,1.194936485199328047e+00,1.282666914351052512e+00,1.304846425741865046e+00,1.277467520092260278e+00,1.287148945998076055e+00,1.268306277457324827e+00,1.205839073016771623e+00,1.159113155576976917e+00,1.155963018702417688e+00,1.158323162408315676e+00,1.109535090643620325e+00,1.110346443701124342e+00,1.115702217157321652e+00,1.084613744783390565e+00,1.061670195703992237e+00,1.039406404773301151e+00,9.972558335588362910e-01,1.006910993403907550e+00,1.016112930709921702e+00,1.019123097142794698e+00,1.028855388473499222e+00,1.036864492533560833e+00,1.029331635297931369e+00,1.031188582487905236e+00,1.031569147502078065e+00,9.909672625121075384e-01,9.996869493809893426e-01,9.852130206440934401e-01,9.377109564978727274e-01,9.377131706371469866e-01,9.422519977839631800e-01,9.461231746028232470e-01,9.547186880054059355e-01,9.428208044978050317e-01,9.284460198581016011e-01,9.367908264919526662e-01,9.400796188410031062e-01,9.079205561508347788e-01,9.140700723964244601e-01,8.907939644669546908e-01,8.642027239684519913e-01,8.701910978350652082e-01,8.747228560336259839e-01,8.771655153501602964e-01,8.725152308673667090e-01,8.798754177614587224e-01
2.615607760603950283e+00,2.322958752237372693e+00,2.229086764354087702e+00,2.209654358231896154e+00,2.105506889619416011e+00,2.069012211366461074e+00,2.098113195373410012e+00,2.116930202449469611e+00,2.151185805318868383e+00,2.162777495122282012e+00,2.196690043691468031e+00,2.192987831905043983e+00,2.123175827307651975e+00,2.104935604427452311e+00,1.993799049974515514e+00,2.021232457528184145e+00,2.006464599952802352e+00,1.947538563282277924e+00,1.804267898675804727e+00,1.692945160281189576e+00,1.562110805862882534e+00,1.524884818289156341e+00,1.440111554537285787e+00,1.410760708906219962e+00,1.330221684110124869e+00,1.343538127200580856e+00,1.342032102255789727e+00,1.348762572462395726e+00,1.348735665577905030e+00,1.372511989489162199e+00,1.394104091460984129e+00,1.367383165709646686e+00,1.382259497047270136e+00,1.396882374153950446e+00,1.403714988566093336e+00,1.420000055774838010e+00,1.420119705302263169e+00,1.433150773942858613e+00,1.412533111500514638e+00,1.382875367730845628e+00,1.394508019682921374e+00,1.310717159135876830e+00,1.300210962266828085e+00,1.310506012703937184e+00,1.316676321618052370e+00,1.325337435611490422e+00,1.339175053110649438e+00,1.348969587874653930e+00,1.347778851113246024e+00,1.434167135719763619e+00,1.454330802641347509e+00,1.409511690497642578e+00,1.409128232548215509e+00,1.396415097071512790e+00,1.338021301734206636e+00,1.306270312678388112e+00,1.317341813696981001e+00,1.249694466855741481e+00,1.241960401708267270e+00,1.253556006907677878e+00,1.261157413331387422e+00,1.257190110884581769e+00,1.234971568750280246e+00,1.239739755933848775e+00,1.247985162011312710e+00,1.216346906724238064e+00,1.222210891706108526e+00,1.230699323973983850e+00,1.235632099150696606e+00,1.246033172370835773e+00,1.248892672862838005e+00,1.256772358426613945e+00,1.252534816025051345e+00,1.243831930192879520e+00,1.225097597622397005e+00,1.234891081996425388e+00,1.242895666624970197e+00,1.250972313063345220e+00,1.253942511442862839e+00,1.262183962619777944e+00,1.248682383101160420e+00,1.255922320575149742e+00,1.239454796811294113e+00,1.232188671777531219e+00,1.241185403698474632e+00,1.218597548032521294e+00,1.224525874690095995e+00,1.233206110758087615e+00,1.230844653069498973e+00,1.223210029913556651e+00,1.231700769328561762e+00,1.206115405579826216e+00,1.210373281226003295e+00,1.212785512554238831e+00,1.185635881262208757e+00,1.188344350673871341e+00,1.194651854529886537e+00,1.191453440636280003e+00,1.153064531841861529e+00
3.823262578719569760e+00,3.840872972029448107e+00,3.807547157600125409e+00,3.566011527727307673e+00,3.480738536573376063e+00,3.536683119495120042e+00,3.573384654093593404e+00,3.564541262168861024e+00,3.605475559210298275e+00,3.542861035294378791e+00,3.410511558650148878e+00,3.282117825077626172e+00,3.253148347013914421e+00,3.286687194775213872e+00,3.321745635144206066e+00,3.362447190908154582e+00,3.402794865184322060e+00,3.386302032652849014e+00,3.414172830532115288e+00,3.428530024267514520e+00,3.465995512937387169e+00,3.384827665474357872e+00,3.421240149279111353e+00,3.444919650549351786e+00,3.477421490364852819e+00,3.512658813334197383e+00,3.536403410025481531e+00,3.564688514789188911e+00,3.583667711448592197e+00,3.627459126326209482e+00,3.586694125075841288e+00,3.606989429690432569e+00,3.639015173915030044e+00,3.670793182839896751e+00,3.695933920311791798e+00,3.634818792708006896e+00,3.626122474108031124e+00,3.516437545716526891e+00,3.475373544155310856e+00,3.418904804181372992e+00,3.314033293779835798e+00,3.336471753407442176e+00,3.341364051219542386e+00,3.303077171672152534e+00,3.293170208747499217e+00,3.280443310435397830e+00,3.232440915513038693e+00,3.242252467392807702e+00,3.318983137669317962e+00,3.274702434666248330e+00,3.176661982008785134e+00,3.184701827503830796e+00,3.123870929873488578e+00,3.080959494404621246e+00,3.108523511355452573e+00,3.148687869456753496e+00,3.035377684072233961e+00,3.016897425778756858e+00,2.962809541235226884e+00,2.933036831479858275e+00,2.866301985967657284e+00,2.871823991966824696e+00,2.853385128642331736e+00,2.870714003846925433e+00,2.883028863580632262e+00,2.849893756990253380e+00,2.776987221021917751e+00,2.714058613045898127e+00,2.680417129603170245e+00,2.652752333000889085e+00,2.640325259259282298e+00,2.642649662165157398e+00,2.646598778692461629e+00,2.607854505606577167e+00,2.564915532249986807e+00,2.488848328241600516e+00,2.407199063171878706e+00,2.420517197008346333e+00,2.427604182112171216e+00,2.440714326676141521e+00,2.448142384950630746e+00,2.452470545675062397e+00,2.465374494528960625e+00,2.441571417338349370e+00,2.444239717568230219e+00,2.446371108752520396e+00,2.458595220136060799e+00,2.461605380172312341e+00,2.443438679128303814e+00,2.450233455008772321e+00,2.462170500512249838e+00,2.474004055840549388e+00,2.477438482160275957e+00,2.455988633823197986e+00,2.458397916716660525e+00,2.442684972547565003e+00,2.396847683873724932e+00,2.330061593944146470e+00,2.305111316292498103e+00
5.075103226213934171e+00,4.676721124100720495e+00,4.493131486742572456e+00,4.538346527094674343e+00,4.543474801268700958e+00,4.592470831967098377e+00,4.661719508526131150e+00,4.605998234133132918e+00,4.626291459290854391e+00,4.687388058161490179e+00,4.727549428108292595e+00,4.760185709415835298e+00,4.757141093397065923e+00,4.788254381607694121e+00,4.636525170389454331e+00,4.691819898190769500e+00,4.636863524163590711e+00,4.522322554815902507e+00,4.357287474962296514e+00,4.050203567707744590e+00,3.782462208754900690e+00,3.610981382304064180e+00,3.413262175713590807e+00,3.282343112043628164e+00,3.131849178153427449e+00,3.067711570989400283e+00,2.998337986489041818e+00,2.943436869508640363e+00,2.892681809862663211e+00,2.817836225140903483e+00,2.783512888209595637e+00,2.782034027811436161e+00,2.805394132011423736e+00,2.819485354017516876e+00,2.803859031256459300e+00,2.828735319193907305e+00,2.842737257047490029e+00,2.865342452804622297e+00,2.870583888254312210e+00,2.872927164225433483e+00,2.894838724435817134e+00,2.801631975893420723e+00,2.772767655713102908e+00,2.730539948541098827e+00,2.691350066518412909e+00,2.664101229209711263e+00,2.654176613656160644e+00,2.617743990524239450e+00,2.557443227082500936e+00,2.619906976207640792e+00,2.606161402860891485e+00,2.514798603610651107e+00,2.472959228844279433e+00,2.363726966904520665e+00,2.240288498120281524e+00,2.217347425856234899e+00,2.232947901781225930e+00,2.161557528872513068e+00,2.143596602053911226e+00,2.152564544697814775e+00,2.155751779562598003e+00,2.142272483856547449e+00,2.119034705802941509e+00,2.130673456925443965e+00,2.123622611357340872e+00,2.099009078491437919e+00,2.104556092566298275e+00,2.113616229495264953e+00,2.120580517172763635e+00,2.130922447532482611e+00,2.142872116466237653e+00,2.155763437643790859e+00,2.148264812476710084e+00,2.157351251747683829e+00,2.163658489212816338e+00,2.174897131246084747e+00,2.187327011707321134e+00,2.190939184616165214e+00,2.203351718512299939e+00,2.213905176604265890e+00,2.209511000253391089e+00,2.195702960416120231e+00,2.148474988585555856e+00,2.120465247923912333e+00,2.121657024958801152e+00,2.059669816104122919e+00,2.041315822023624271e+00,2.036531596931465238e+00,2.003004049366681638e+00,1.960033215192735545e+00,1.952641306354921280e+00,1.895663854496440592e+00,1.879829732560306166e+00,1.869843132593242974e+00,1.827515223885036511e+00,1.836693672365013352e+00,1.833953594332995873e+00,1.833783120236281761e+00,1.808986738235933922e+00
4.561365224273788321e+00,4.358181291974522864e+00,4.307280688466161855e+00,4.378760379382789836e+00,4.443027035861865315e+00,4.512852305435917089e+00,4.568310380972222973e+00,4.411920089081750262e+00,4.370946671989639043e+00,4.392813036791323178e+00,4.372687194573645186e+00,4.429588189616793237e+00,4.468992161427061127e+00,4.520588964635281037e+00,4.434202608349497865e+00,4.484170381512879722e+00,4.470416897626914299e+00,4.423817996494741500e+00,4.332708701076787960e+00,4.004819513577414725e+00,3.768358920936738521e+00,3.558424663552869571e+00,3.370424134977901165e+00,3.204667197521082755e+00,3.084907549873820543e+00,3.007459409259035876e+00,2.957854355873417607e+00,2.908086746557524194e+00,2.876104775336872255e+00,2.746641119084578975e+00,2.678340187236559089e+00,2.699508781998157581e+00,2.722967421328723603e+00,2.715064132527908125e+00,2.664304660513501677e+00,2.688229406374494257e+00,2.701237049259260559e+00,2.724485750728508737e+00,2.740026411463522216e+00,2.757401366138382492e+00,2.779346767277839803e+00,2.737600902534575997e+00,2.739795370682412301e+00,2.694583511781129648e+00,2.664440239928160814e+00,2.643304011531737441e+00,2.619164586943425466e+00,2.571195954199483769e+00,2.508524538680061866e+00,2.506349013504487910e+00,2.487728068060202080e+00,2.390315422242211607e+00,2.297517121642174143e+00,2.145110848419296001e+00,2.026025973769701061e+00,2.061032510147250640e+00,2.074169732868054616e+00,2.049122619390801869e+00,2.056179844356792685e+00,2.060295733438717747e+00,2.068776039128955802e+00,2.044889782748010365e+00,2.031587405006106017e+00,2.027022946280442106e+00,1.987696867886343144e+00,1.981906744648795238e+00,1.994053657998867912e+00,2.001549893213388831e+00,2.010715837883105372e+00,2.019836567774401459e+00,2.031748743206295948e+00,2.043204717200912679e+00,2.032736858124425172e+00,2.045149490922835600e+00,2.057331862240642906e+00,2.060817586963008985e+00,2.062682025991334100e+00,2.048606166591338873e+00,2.056754851658543881e+00,2.067712014690357147e+00,2.075366204198951792e+00,2.058133206104057589e+00,2.004523739944889638e+00,1.976602623930440839e+00,1.978207548346065936e+00,1.921207753140210750e+00,1.906751136891238874e+00,1.890748512084521993e+00,1.838108677369904242e+00,1.778161125132683429e+00,1.761784909010775335e+00,1.714004298873411436e+00,1.704787362213029178e+00,1.704714451294065958e+00,1.677992406432865735e+00,1.682776217170368849e+00,1.666489118978578876e+00,1.675422306026116637e+00,1.676895970628819565e+00
5.871085000771484097e+00,5.797669917214656188e+00,5.680216036616736019e+00,5.772342332194488890e+00,5.847844664990630825e+00,5.937589417446893059e+00,6.021699539664667533e+00,5.963380089576841847e+00,5.859721676797939871e+00,5.788744780612117502e+00,5.795831227922746187e+00,5.868948267156731902e+00,5.942392108767699632e+00,6.009700033679046705e+00,5.939142220487490853e+00,5.992770053183307688e+00,5.881888241276006291e+00,5.808562728239041739e+00,5.807825059218879815e+00,5.566258603423790419e+00,5.427933974584266963e+00,5.196369335662629041e+00,5.106442799818067257e+00,5.016612315709556569e+00,4.984444412077877473e+00,4.819606369121304468e+00,4.719342565158929581e+00,4.628581080802096182e+00,4.573256443114059877e+00,4.470690131913632293e+00,4.278269420085750063e+00,4.309552683427055442e+00,4.321668420309173975e+00,4.310187552594795690e+00,4.331503872141027500e+00,4.362427609728589672e+00,4.376333569443293214e+00,4.403904503151906624e+00,4.412923952410887196e+00,4.421700723526284627e+00,4.450612555075173837e+00,4.462436411183881901e+00,4.449404498599976776e+00,4.252353242298430480e+00,4.101478295438765187e+00,3.968150671064300195e+00,3.822148799263581864e+00,3.700705498514901048e+00,3.487003049349330919e+00,3.283786620551838453e+00,3.056069715441718238e+00,2.987297056925812822e+00,2.898304529467434332e+00,2.813920145084769064e+00,2.756856688954094636e+00,2.730531395752511692e+00,2.733241495783200747e+00,2.751147577206052741e+00,2.758667110423385971e+00,2.773884389204766876e+00,2.791412444818756278e+00,2.807431410716622278e+00,2.819827807280247178e+00,2.806222899398777226e+00,2.816531654002434326e+00,2.825457780629071269e+00,2.842278407838188414e+00,2.840698874527002982e+00,2.844905587650889967e+00,2.860886041249315781e+00,2.833857535199697519e+00,2.817243803528305168e+00,2.830954096546379084e+00,2.800916109827885858e+00,2.776221906674359197e+00,2.778159058466310061e+00,2.781786261197160659e+00,2.796668247417331887e+00,2.804832468140533219e+00,2.802721204595047144e+00,2.815261490032091363e+00,2.784858887167315888e+00,2.783651991408393478e+00,2.754953461941072490e+00,2.691977479027778397e+00,2.656624119972553988e+00,2.584168279556011694e+00,2.502176248060221653e+00,2.467208691124509023e+00,2.448784834319479575e+00,2.397875034769414881e+00,2.391981655349209479e+00,2.359405128187631817e+00,2.356653341750380104e+00,2.366883128702609973e+00,2.313337766171962073e+00,2.297090798832807756e+00,2.307963933840738058e+00,2.312015503957516760e+00
3.661136718594682371e+00,3.627190629943851441e+00,3.668362150033460445e+00,3.723173534814939067e+00,3.745567113786675950e+00,3.725312639577712304e+00,3.646951405734382146e+00,3.528106503135554295e+00,3.512710500849260509e+00,3.562615311189465395e+00,3.605082801825998384e+00,3.642180371921085680e+00,3.646481611646442467e+00,3.642636422948908770e+00,3.687607642819517029e+00,3.632286989703080060e+00,3.673766345648872722e+00,3.676476159679160638e+00,3.639068091165034158e+00,3.540465080764826578e+00,3.463686723678127688e+00,3.496397974902956118e+00,3.420449597563864685e+00,3.374172423071231108e+00,3.328456848411617930e+00,3.344696621926003033e+00,3.360304318033088045e+00,3.368672960256806181e+00,3.379146769543485807e+00,3.329803786736682536e+00,3.383552494480243311e+00,3.363175931997489432e+00,3.299080977793755753e+00,3.290394314825433320e+00,3.242357014591710662e+00,3.164227505520766481e+00,3.025754845189008169e+00,2.957911567789336615e+00,2.831920639060131251e+00,2.720606000768126975e+00,2.681838803153983264e+00,2.686507973412342931e+00,2.707597716022034362e+00,2.673654931567500004e+00,2.648474138493178032e+00,2.619553685818161615e+00,2.596854782334290235e+00,2.616564492073517378e+00,2.662700928406712464e+00,2.691102821047484106e+00,2.791829533525370000e+00,2.816469485250092664e+00,2.896815996380068814e+00,3.060998635852474337e+00,3.140807928348960942e+00,3.294087015229705706e+00,3.251961435275700918e+00,3.221427506682112529e+00,3.224145301312632661e+00,3.156230494964976874e+00,3.100708009276456512e+00,2.990874961803598353e+00,2.896036098452729579e+00,2.880493295857340819e+00,2.830973618867142605e+00,2.751517299206574840e+00,2.722536536229330562e+00,2.685182428903241103e+00,2.653006894343334920e+00,2.606744225973596230e+00,2.536682550324740770e+00,2.473288833891828187e+00,2.389938232076372238e+00,2.343101255956058449e+00,2.325266100398513558e+00,2.318873731487708145e+00,2.326274682068841582e+00,2.251908137581648983e+00,2.226259421488843593e+00,2.186741630184187990e+00,2.182167438501319889e+00,2.163167665694204267e+00,2.108026750962025631e+00,2.114248701855888868e+00,2.100487929458049408e+00,2.107851991425638172e+00,2.118307857035784725e+00,2.128928141114807104e+00,2.135915530695357223e+00,2.113748738987158315e+00,2.116813502152349535e+00,2.099130300554942874e+00,2.103998740589178684e+00,2.094769438229758585e+00,2.055623385815441573e+00,2.039804733663886704e+00,2.045198369605235378e+00,2.048229478612306309e+00,2.030626620610932243e+00
4.481933322461501668e+00,4.329953486181165268e+00,4.113098616544198727e+00,4.162374723211711647e+00,4.230226207174657027e+00,4.289224788848001957e+00,4.320299509796615922e+00,4.334809808952285515e+00,4.304637865906580707e+00,4.308528724311562641e+00,4.354950937035868108e+00,4.386489612544022698e+00,4.441298684579456868e+00,4.480283207255716604e+00,4.394868500536958322e+00,4.411712537602091366e+00,4.275889619903796124e+00,4.157835439791219834e+00,4.129931010122986912e+00,3.975161268106396584e+00,3.865018157163489398e+00,3.730322584312220080e+00,3.664921851115694462e+00,3.621154190186015587e+00,3.587563751530236988e+00,3.461679937702611731e+00,3.357882042612053031e+00,3.274164913825195811e+00,3.208106133451922304e+00,3.154089047286118497e+00,3.056469359856412105e+00,3.068579749887647257e+00,3.048994327896759948e+00,3.053301122892901898e+00,3.078453868801460658e+00,3.103228214004531971e+00,3.110715299026991509e+00,3.136470956399569410e+00,3.149508995322801042e+00,3.165864449108192424e+00,3.191292925034941330e+00,3.184685366843256205e+00,3.142541650024685218e+00,2.989245915679194177e+00,2.856939891217844973e+00,2.740785504973782150e+00,2.642033526535559229e+00,2.553727569327579161e+00,2.387105836046755858e+00,2.262933775978765105e+00,2.113323756355939942e+00,2.090233301996702320e+00,2.068182623729998504e+00,2.025893496072661115e+00,1.994141323263713961e+00,1.926827242309135491e+00,1.939077434038914749e+00,1.947185176729437028e+00,1.928887045118679922e+00,1.941120692478689680e+00,1.952341386442440152e+00,1.961452165288211313e+00,1.972496703442413013e+00,1.975567175740271519e+00,1.988933394517285125e+00,2.000431288057129553e+00,2.010107093926265964e+00,2.013756508581232563e+00,2.017226238566108165e+00,2.029417857198802633e+00,2.006738752020527539e+00,1.985206508699578931e+00,1.994392947278740724e+00,1.984370850501217420e+00,1.984084329394785406e+00,1.994390405120975318e+00,2.006217706458515604e+00,2.014563298160975791e+00,2.024932973459104613e+00,2.004985082741870261e+00,2.010573227571418986e+00,1.985424248699106275e+00,1.988538907616299811e+00,1.970845673158821532e+00,1.916217478912592309e+00,1.890437698826878066e+00,1.823064840518524354e+00,1.769676622316967984e+00,1.757775248422585479e+00,1.753386370505469749e+00,1.718364475471307218e+00,1.712338504047113297e+00,1.674319144023491024e+00,1.659903519278232986e+00,1.666440914365652670e+00,1.636488749978273427e+00,1.636601254493827096e+00,1.636354703840827041e+00,1.645194896760453496e+00
6.087275402117218626e+00,5.861646406391383124e+00,5.794838549313659826e+00,5.889429808120380194e+00,5.978131817981417129e+00,6.061777334581584853e+00,6.122820867981993764e+00,5.891489638171193199e+00,5.796342761940092458e+00,5.814046483736482251e+00,5.792408917762553067e+00,5.864867237278786227e+00,5.920305170905712622e+00,5.993747024732237527e+00,5.916282251469548115e+00,5.976497046158354642e+00,5.965740856788109170e+00,5.894865485681415329e+00,5.787102316855278872e+00,5.355809875288351840e+00,5.048097270749980048e+00,4.806134959301065379e+00,4.553252190189719606e+00,4.326969588871200756e+00,4.166873742031539152e+00,4.038948571371969720e+00,3.954612457236772460e+00,3.865606996631547609e+00,3.804980757610434416e+00,3.590216652559094612e+00,3.483359103870470097e+00,3.515085692289065644e+00,3.538207635218048708e+00,3.500542344313677834e+00,3.416245273860878839e+00,3.439891977097804698e+00,3.442888581904154144e+00,3.469310700254681912e+00,3.480155286846548179e+00,3.495470380192527760e+00,3.522815929508456456e+00,3.476244521060705139e+00,3.474420624144646030e+00,3.427673977790821613e+00,3.399348743355497859e+00,3.382172307773321673e+00,3.358241544931848566e+00,3.288668652313441854e+00,3.206832408777084087e+00,3.199707161691629498e+00,3.228456667610308806e+00,3.156149309748893739e+00,3.083481232152951890e+00,2.956900075597511446e+00,2.849000792812613092e+00,2.930811411135403777e+00,2.949996722948240002e+00,2.920579703632175672e+00,2.924255352723742707e+00,2.909503819518009848e+00,2.907280963165817411e+00,2.860939469978075689e+00,2.833863049096407849e+00,2.809215940782119336e+00,2.746742333795693547e+00,2.732354392256778564e+00,2.741955146280379729e+00,2.757720890538351455e+00,2.773812040337396034e+00,2.774532122906026022e+00,2.787058471538868876e+00,2.798441643259240941e+00,2.775707293065262871e+00,2.790919303891249648e+00,2.806100327622027990e+00,2.817009475329933732e+00,2.824086062524703067e+00,2.794435767235684764e+00,2.794289632913335986e+00,2.805435963596833115e+00,2.819512579079578529e+00,2.782237909281003230e+00,2.707641825644591993e+00,2.687596413331579281e+00,2.691870015477595857e+00,2.632294624316268816e+00,2.612742267919111683e+00,2.588903650192770911e+00,2.531351940487407859e+00,2.455003663368321210e+00,2.423610138295562155e+00,2.366578471608948853e+00,2.348190191657102410e+00,2.340413503477715373e+00,2.305198916256467445e+00,2.311727200811141358e+00,2.301334353977906755e+00,2.312160340503663480e+00,2.315230412268293847e+00
3.770528259475391053e+00,3.437405083977885578e+00,3.305707768799289514e+00,3.322051190797373543e+00,3.283605773878615963e+00,3.325838754670117137e+00,3.377719417894519793e+00,3.331031241745025628e+00,3.354745567222984892e+00,3.403086744534856489e+00,3.441877248543943946e+00,3.454921804200882463e+00,3.421557449930515027e+00,3.453473289941493274e+00,3.359445080654690496e+00,3.400215922903041754e+00,3.385089468290792158e+00,3.295842624999069770e+00,3.143827860174507993e+00,2.915845380520140750e+00,2.701081702840683274e+00,2.618368115002147611e+00,2.453733249156822893e+00,2.354065389884661297e+00,2.219397677098771116e+00,2.190285197496355973e+00,2.148028488760633792e+00,2.114610471885057130e+00,2.079497647019026729e+00,1.997226273574693733e+00,1.989644146165174821e+00,2.000614214883833952e+00,2.020289053957997627e+00,2.031660918218417322e+00,2.008097795787121331e+00,2.020714884017329460e+00,2.000952003129303769e+00,2.004829421726832539e+00,1.969074097865099127e+00,1.929064524126673286e+00,1.935125363097520923e+00,1.843914090720908172e+00,1.823025595000491661e+00,1.827467836071177132e+00,1.829565885942563197e+00,1.836481963401359607e+00,1.850008778938532217e+00,1.841608109647498770e+00,1.829873124169326903e+00,1.924197847063704447e+00,1.984434764594912748e+00,1.959435853750492784e+00,1.969873099231142621e+00,1.950309687161871031e+00,1.876466012580017217e+00,1.910877278799601120e+00,1.917261738033150920e+00,1.841700943181958872e+00,1.823529116526259042e+00,1.822607676546450284e+00,1.812910438905454003e+00,1.779131280139499616e+00,1.731590315419228698e+00,1.741871006966676960e+00,1.730726614282102283e+00,1.680786462989701802e+00,1.675760142956906007e+00,1.687436590458534225e+00,1.699143592535011793e+00,1.701848419048262784e+00,1.699738001546357014e+00,1.703299997183381098e+00,1.679196678331621007e+00,1.671570900614012478e+00,1.662381596377831450e+00,1.672906814211285731e+00,1.682748753089948535e+00,1.676946600399152443e+00,1.687188475538400123e+00,1.697571351463715184e+00,1.700297705430401596e+00,1.690045361474316277e+00,1.642997201840337596e+00,1.636382151150509889e+00,1.645856926738753279e+00,1.609591011925572746e+00,1.608240345294645435e+00,1.614482997198181335e+00,1.599551746085180692e+00,1.567641714671147213e+00,1.567839011097999835e+00,1.521111076556608488e+00,1.513772467132374677e+00,1.503614909362365415e+00,1.456466298948729365e+00,1.462303774807343970e+00,1.468251796503789564e+00,1.463617012299301967e+00,1.426987742998254927e+00
6.087275402117218626e+00,5.962489441001349810e+00,5.794838549313659826e+00,5.885711055615796106e+00,5.978131817981417129e+00,6.037261758734143058e+00,6.122820867981993764e+00,5.984363124352759300e+00,5.796342761940092458e+00,5.762322729632975538e+00,5.792408917762553067e+00,5.847595604450761542e+00,5.920305170905712622e+00,5.989677370142682200e+00,5.963548931859439683e+00,6.034335567765461761e+00,5.965740856788109170e+00,5.829253628833039436e+00,5.787102316855278872e+00,5.464280703203069578e+00,5.245760105234438697e+00,5.082936935549962065e+00,4.906769812166376532e+00,4.752140231351788202e+00,4.652473047186338029e+00,4.420682418526097557e+00,4.249417393948942134e+00,4.075954048394010876e+00,3.944234728303117166e+00,3.726360678698332762e+00,3.483359103870470097e+00,3.506901764913964659e+00,3.538207635218048708e+00,3.444056315535845680e+00,3.416245273860878839e+00,3.418121740261816477e+00,3.442888581904154144e+00,3.453290498372266981e+00,3.480155286846548179e+00,3.507442772063374292e+00,3.522815929508456456e+00,3.515699847297619307e+00,3.474420624144646030e+00,3.373624771398514799e+00,3.300786379730269005e+00,3.246231798409320302e+00,3.184308590615768431e+00,3.060912778695864311e+00,2.915804479344336286e+00,2.807203333161917502e+00,2.779762445131406690e+00,2.815195073889269040e+00,2.850246958644557793e+00,2.876179752422569180e+00,2.897801690875944747e+00,2.941697945876513565e+00,2.949996722948240002e+00,2.950984761910132814e+00,2.924255352723742707e+00,2.871012393297483367e+00,2.838871948516688004e+00,2.831137218244309306e+00,2.833863049096407849e+00,2.766921309456295219e+00,2.746742333795693547e+00,2.755041187589168938e+00,2.741955146280379729e+00,2.754477888721354795e+00,2.765904022442133847e+00,2.742924317760784270e+00,2.757160049319322681e+00,2.772232208756252092e+00,2.775707293065262871e+00,2.786870689996944428e+00,2.794290197066708004e+00,2.808978348230137811e+00,2.824086062524703067e+00,2.821652763347074266e+00,2.794289632913335986e+00,2.808584927918631013e+00,2.819512579079578529e+00,2.740179707861915226e+00,2.707641825644591993e+00,2.710337555526768138e+00,2.691870015477595857e+00,2.668761916686269053e+00,2.612742267919111683e+00,2.551973208464392240e+00,2.531351940487407859e+00,2.496613894950834744e+00,2.423610138295562155e+00,2.402758230848660137e+00,2.348190191657102410e+00,2.311093983187670897e+00,2.305198916256467445e+00,2.294154453020777584e+00,2.301334353977906755e+00,2.304430318295407787e+00,2.315230412268293847e+00
5.429586273993460388e+00,5.314266404754368622e+00,5.149336172981826998e+00,5.201800875186672890e+00,5.281723119254477794e+00,5.288379015053361165e+00,5.346951629691532482e+00,5.225482540382405006e+00,5.048310782294561427e+00,5.069364086910986167e+00,5.126861982227580050e+00,5.144276946255433636e+00,5.198000514267396177e+00,5.231278311215136867e+00,5.254280365832452837e+00,5.309290530320668999e+00,5.293039381969440349e+00,5.144443747797057931e+00,5.094848856848266827e+00,4.850108031927623742e+00,4.666742835646209286e+00,4.629027231253110664e+00,4.469268065881905727e+00,4.349480100493564372e+00,4.249034364411456544e+00,4.067229133617872527e+00,3.914384088911916137e+00,3.754430281437111994e+00,3.621837903588383423e+00,3.451139658297746049e+00,3.284942581308927245e+00,3.265998872222111604e+00,3.283428271338511895e+00,3.172574407130576812e+00,3.134760925044085322e+00,3.036382255927206231e+00,3.005595324359339848e+00,2.919420793610751907e+00,2.896523985712275540e+00,2.878917067858465906e+00,2.819229458133068800e+00,2.810643996235586251e+00,2.763500018701495975e+00,2.763826642250819088e+00,2.768738908987867120e+00,2.780670235111362576e+00,2.792170337934660296e+00,2.734130802334552079e+00,2.760621544500378999e+00,2.767677338767768003e+00,2.854921151529390855e+00,2.933898944904498318e+00,3.059946210550211987e+00,3.213156630434018446e+00,3.334363515177614978e+00,3.441086852598072898e+00,3.394950321895076950e+00,3.380582399365211099e+00,3.333984297095163196e+00,3.221097770183792175e+00,3.127210410109830807e+00,3.080199512161776898e+00,3.044500757607669694e+00,2.971164919464253096e+00,2.945924905299745156e+00,2.920167434257170846e+00,2.857586592180223484e+00,2.828139210614380783e+00,2.802811618740816524e+00,2.728063348857240999e+00,2.733779722425467629e+00,2.739968943196434914e+00,2.714877009802548091e+00,2.725109778918189729e+00,2.739559594184370006e+00,2.732503178697244905e+00,2.737567291428992355e+00,2.715120595376010915e+00,2.658871729118962968e+00,2.669536930088914684e+00,2.664842571293632112e+00,2.571216191530994344e+00,2.529430829847763018e+00,2.542374938522818706e+00,2.550664843445446195e+00,2.549777307224128098e+00,2.525212774004942151e+00,2.502872721165864345e+00,2.505521686287150107e+00,2.481818616233651298e+00,2.423753607788201148e+00,2.406267936228925208e+00,2.356528256782505437e+00,2.297692927595249124e+00,2.278328681804093314e+00,2.288429130521575594e+00,2.296548926554808912e+00,2.280619807895379214e+00,2.285616989498311380e+00
3.243882550426675948e+00,3.286064711830764651e+00,3.344881049972074916e+00,3.355408072626839378e+00,3.407213736675504645e+00,3.320745849327464416e+00,3.327925861024044529e+00,3.379116469483635754e+00,3.414614875663913640e+00,3.452519514860858507e+00,3.455815167662185328e+00,3.473111922823852726e+00,3.517544563348189435e+00,3.430117688754697802e+00,3.379143381132327928e+00,3.380398500159443653e+00,3.395437426159984895e+00,3.432252230630549850e+00,3.469890085937073820e+00,3.496596957850270471e+00,3.531109041961191686e+00,3.469146625077418111e+00,3.506386053021511184e+00,3.542281227733217186e+00,3.578610528674843749e+00,3.613201033326737477e+00,3.645093802255833904e+00,3.674225440825585220e+00,3.702054461769781479e+00,3.819653951268512149e+00,3.815904186875418880e+00,3.748940718193619848e+00,3.739074808413016981e+00,3.749964461955837436e+00,3.779772857499125394e+00,3.669849984377651531e+00,3.628525445814722250e+00,3.525959307706599155e+00,3.489758547332336036e+00,3.458659511254479124e+00,3.385613415350513300e+00,3.405058167935033797e+00,3.431236792188238294e+00,3.359552649441480021e+00,3.306738043545649486e+00,3.253298830833638799e+00,3.201482414077818195e+00,3.213914223789598790e+00,3.280761119112234780e+00,3.249708468717810828e+00,3.096931792333150302e+00,2.961738276482587917e+00,2.919049242091185992e+00,2.945786500917872974e+00,3.041276802113834776e+00,3.076314806885062758e+00,2.963979756244675468e+00,2.976256888106935339e+00,2.968313572860283855e+00,2.880773524837212385e+00,2.799625691898320667e+00,2.771238551748705703e+00,2.745020963617499365e+00,2.731261858988202729e+00,2.741493865343116010e+00,2.719923578111457463e+00,2.661568680167137657e+00,2.555344546364883396e+00,2.462792126708962748e+00,2.394310702224472731e+00,2.356560231830516106e+00,2.325733018332586166e+00,2.308525284054936844e+00,2.280919720765667957e+00,2.274011962659549191e+00,2.208224132197946332e+00,2.173804622254912555e+00,2.164009958479592211e+00,2.121696357527092403e+00,2.108568599824268919e+00,2.060949933525637157e+00,2.052844343026055451e+00,2.062491859045708864e+00,2.001446992799355673e+00,1.984586048176244288e+00,1.968516833976966307e+00,1.974995683580104799e+00,1.980830072347153026e+00,1.966527406220082819e+00,1.976018244318711092e+00,1.982941538591091790e+00,1.992678116714564851e+00,1.998846666487908319e+00,1.984880350999669973e+00,1.991248556453354190e+00,1.977780795774921163e+00,1.931538841671064377e+00,1.914981305446488369e+00,1.920114749080266359e+00
3.434753355657285567e+00,3.341201965015825337e+00,3.170763300466598711e+00,3.199728870587098761e+00,3.253627451902751488e+00,3.261383242396629356e+00,3.214673366790104847e+00,3.262418027253101371e+00,3.285646378686275515e+00,3.304340241613858531e+00,3.349888532826382992e+00,3.372262663816986805e+00,3.416933477551602483e+00,3.416879466743154570e+00,3.338085136104968598e+00,3.299976745535720735e+00,3.162068340486371643e+00,3.086663710441546637e+00,3.086079198340031304e+00,3.042034587682754587e+00,3.012117989528960038e+00,2.936214826508714459e+00,2.934173000646670637e+00,2.942960272049198522e+00,2.949585822473173913e+00,2.894870466348583360e+00,2.846792044678399858e+00,2.819063063042244632e+00,2.797975548891370234e+00,2.815318619845475823e+00,2.812375974223687791e+00,2.800040239866274927e+00,2.742572921818957177e+00,2.765866154625437723e+00,2.787086867543545843e+00,2.794987167747495338e+00,2.769560175142113057e+00,2.785767393074870757e+00,2.776413020031294643e+00,2.775798456437145845e+00,2.796604195642985236e+00,2.800224869557994101e+00,2.771261156467323961e+00,2.630948356913487274e+00,2.504421853106370666e+00,2.388706225516112891e+00,2.299018563606862298e+00,2.249648346654575359e+00,2.128828488214784542e+00,2.030346691230267897e+00,1.909787042929581791e+00,1.878765649081952871e+00,1.865025024440337464e+00,1.866936313698130956e+00,1.868565986121456302e+00,1.815043884081025016e+00,1.816515095798284296e+00,1.830113003004577577e+00,1.828931000188350753e+00,1.836053471397423253e+00,1.847292463511926996e+00,1.827562224167272875e+00,1.820312992754593129e+00,1.833187530664656562e+00,1.833719073530010180e+00,1.833004858230572465e+00,1.845517636841958131e+00,1.834892750681852203e+00,1.822849112095744628e+00,1.831203121083618601e+00,1.785353911623605461e+00,1.738075113618752443e+00,1.728734923516717759e+00,1.707921439579887402e+00,1.705482721005082247e+00,1.712621699689182764e+00,1.723537150759556047e+00,1.709579931073175185e+00,1.717958590758474235e+00,1.672010602543217317e+00,1.666366517145669635e+00,1.665913195042876049e+00,1.676128725400610531e+00,1.658326813820908630e+00,1.599386692725099035e+00,1.587329873985341200e+00,1.536768849807185422e+00,1.504083365914006709e+00,1.504562865791910786e+00,1.512490327969965298e+00,1.502738101804559800e+00,1.508168283364027751e+00,1.491299097955104402e+00,1.491449216466975036e+00,1.500087938809242960e+00,1.470834922122490784e+00,1.471989398454250919e+00,1.473811479176357020e+00,1.481783239501670124e+00
4.663575876325687375e+00,4.273831513119946024e+00,4.097923785834416854e+00,4.093358449933635512e+00,4.033217275631379550e+00,3.880026987483522927e+00,3.847575850228344585e+00,3.903349717524069895e+00,3.955898743070294543e+00,4.002538590578164523e+00,4.057616486375316356e+00,4.068862083273977248e+00,4.035556637977149919e+00,3.930456671356219900e+00,3.695394192386417753e+00,3.689536640886240004e+00,3.586904404881725128e+00,3.498188734808862499e+00,3.349750445094511697e+00,3.235601242312099668e+00,3.107909211814946282e+00,3.002268531743126800e+00,2.944673113381703899e+00,2.937249744218484615e+00,2.885624964046353824e+00,2.899743919309233142e+00,2.895171900169988710e+00,2.907793723389127560e+00,2.913560519637505397e+00,3.058489231751341464e+00,3.128880710520293817e+00,3.021095304508463641e+00,2.987478708153322504e+00,3.002805567357347716e+00,3.029501413258193665e+00,3.019794255820258844e+00,3.039215891553600279e+00,3.056008976653787013e+00,3.081413019347846838e+00,3.104742894000115605e+00,3.127055983337971856e+00,3.045853968817219037e+00,3.023659176879525123e+00,2.969503840689651231e+00,2.908984300479790175e+00,2.858544725882063542e+00,2.846950589807683674e+00,2.846440030331224058e+00,2.818067145913550231e+00,2.873273978138200846e+00,2.786900078795468971e+00,2.634003460795650842e+00,2.589675546512791193e+00,2.528666177728996711e+00,2.486019056004154848e+00,2.335718388389662614e+00,2.337851558355400261e+00,2.300164023306522587e+00,2.300677057676407511e+00,2.290659968409097136e+00,2.301319873486597167e+00,2.313847637633835053e+00,2.327993279589739117e+00,2.316582829592990667e+00,2.327675851392370987e+00,2.336799221753287359e+00,2.350968212378957478e+00,2.326101042054941725e+00,2.289836333390508738e+00,2.290044788388025054e+00,2.297239740062760660e+00,2.297548187804930198e+00,2.310929948524302446e+00,2.324309769721078389e+00,2.330015106016921411e+00,2.336456159166163449e+00,2.349670604676438401e+00,2.353997104154514464e+00,2.335934671971858556e+00,2.316956202765648509e+00,2.262607246955606666e+00,2.274651980566442244e+00,2.276334884595702324e+00,2.234718051902227831e+00,2.228281809846872186e+00,2.184485263323414195e+00,2.176539134161900702e+00,2.184754906303867372e+00,2.176334844544203229e+00,2.176368489302406672e+00,2.187231056697466425e+00,2.166674287486278772e+00,2.170126218499734971e+00,2.177809413710730002e+00,2.169405507976951863e+00,2.179248490242310599e+00,2.177544743154367080e+00,2.178254793071990658e+00,2.156991223672556135e+00
8.818348364525112615e-01,8.140784201818568322e-01,8.457683073939108453e-01,8.645827712313147728e-01,7.693032497840963657e-01,7.808483258190253018e-01,7.920451613806931412e-01,8.110410277618698149e-01,8.132604107459099341e-01,7.665348463944863244e-01,7.924581126746401694e-01,8.136353488133462042e-01,7.515446620901976571e-01,7.688240619345393378e-01,7.779439454503767060e-01,7.728976839869782234e-01,7.846331447821092153e-01,8.057795354421901646e-01,7.676101689492348390e-01,7.707128383126264914e-01,7.650990455700258375e-01,7.853667912874160439e-01,7.864468164363884739e-01,8.003410670580227704e-01,8.005040285550133472e-01,7.974441229645508056e-01,8.083385452222608958e-01,8.193064308574836696e-01,8.342697250562359779e-01,8.162892334023492680e-01,8.022199868141043355e-01,8.162382462985846576e-01,8.123547166783998685e-01,8.225288172496034722e-01,8.251214308282881493e-01,8.384926945102401108e-01,8.000658537651783586e-01,8.092922144178757993e-01,7.559414207812958919e-01,6.985841285771811071e-01,7.101196455689432474e-01,6.973412366822661079e-01,7.108043802377722598e-01,6.790456060609723066e-01,6.615794010908370160e-01,6.446023648909827708e-01,6.153977704183356545e-01,6.156793547851726611e-01,5.888720364888422321e-01,6.043432739783686225e-01,6.262592169762053462e-01,6.259747953161985956e-01,6.405263368159053172e-01,6.926110455450109615e-01,6.794035792483674729e-01,7.172075937666637646e-01,7.250085912444538261e-01,6.914688717425466757e-01,7.028049140418195506e-01,7.142351315199796380e-01,7.228479361411175308e-01,6.976889997401514165e-01,6.609171275258866052e-01,6.672181063662966372e-01,6.677968496856612202e-01,6.270962791205358933e-01,6.367963364121399517e-01,6.470785781339627452e-01,6.580773598212805719e-01,6.685802180486095647e-01,6.379904703433969537e-01,6.178213907034234564e-01,5.960133922491398506e-01,5.585733463998514559e-01,5.218072595120889501e-01,5.328141561612140809e-01,5.433789941792722678e-01,5.379118737831413144e-01,5.456110259195834367e-01,5.441481927446918387e-01,5.497207033054950509e-01,5.591838007991110082e-01,5.492717659610459879e-01,5.590533418934666710e-01,5.470259887428976509e-01,5.513037500378629163e-01,5.517051683078519897e-01,5.449692186271284378e-01,5.527378181051957329e-01,5.537365454954192856e-01,5.572592050269052910e-01,5.502063578456455328e-01,5.579324654320029220e-01,5.674376711655438887e-01,5.483463449698238179e-01,5.274086235723209892e-01,5.369722858320554737e-01,5.451700857311180259e-01,5.139460965299073036e-01
3.252611528954076459e+00,3.302673140137204477e+00,3.314796909833854333e+00,3.344952445917366290e+00,3.326596512457836941e+00,3.373443297335813273e+00,3.424671744271019058e+00,3.407602592493580218e+00,3.331433082244859012e+00,3.218511834307289377e+00,3.202352336864619620e+00,3.242991247265910815e+00,3.256930818583169795e+00,3.299422345182884797e+00,3.300627084616903684e+00,3.328085355973144033e+00,3.285017790094446610e+00,3.290787816480692740e+00,3.326235929951878667e+00,3.256300529762754969e+00,3.241993730872068546e+00,3.128246965112472466e+00,3.127026220420491942e+00,3.109614095716990878e+00,3.128914921446906305e+00,3.052178741863631917e+00,3.025682423822587452e+00,3.000253149144285203e+00,2.996560948780281119e+00,2.953885102119120809e+00,2.832223463120809637e+00,2.857956150226690362e+00,2.866896971336236000e+00,2.865803660231700078e+00,2.888761972848274517e+00,2.903750272190164239e+00,2.890785661265745432e+00,2.896313963734895136e+00,2.868848872019440055e+00,2.837835753052763366e+00,2.846314621102573383e+00,2.869108404546986346e+00,2.880038479271365581e+00,2.749907766733304726e+00,2.658787419230343119e+00,2.574839247802365616e+00,2.464631245128243275e+00,2.400063324848901836e+00,2.275867342678760785e+00,2.130015358553427607e+00,1.981109310912572585e+00,1.963281320325852120e+00,1.916809519890835256e+00,1.924926083773156105e+00,1.913760791790615867e+00,1.931231785772464793e+00,1.918567381869552779e+00,1.918050273768472813e+00,1.932034836562322555e+00,1.945883283353448068e+00,1.955647699009100737e+00,1.956987444166593759e+00,1.945324859708232657e+00,1.939402328091673455e+00,1.951742586550429204e+00,1.932278218386186186e+00,1.940205991497643501e+00,1.935038065542756369e+00,1.937752938542096404e+00,1.949602475872455942e+00,1.911992779495800931e+00,1.889788851124428293e+00,1.890067212880856440e+00,1.839857009046396374e+00,1.790628166934578047e+00,1.785020136043134364e+00,1.778683704209910177e+00,1.788572008842132410e+00,1.795102205650457527e+00,1.794879239434212126e+00,1.805683719867285042e+00,1.800619075689982473e+00,1.810742924200285930e+00,1.801456461943427678e+00,1.757949390161069880e+00,1.754872290883495722e+00,1.721631218478647085e+00,1.669877080665596036e+00,1.659581686968484737e+00,1.662552630363695272e+00,1.640715824886319840e+00,1.649625849489110063e+00,1.644781079827411174e+00,1.652976411819855773e+00,1.657827992752692436e+00,1.607880694022731483e+00,1.597729500678376491e+00,1.601305821609094071e+00,1.582349781998154459e+00
1.171600050793489167e+00,1.081800486974603848e+00,1.106678704717507511e+00,1.115986225971562495e+00,1.019347638221165031e+00,1.039406214416670693e+00,1.049500205702164735e+00,1.061737170190519164e+00,1.078357059068046686e+00,1.044813126439469997e+00,1.070006540994153488e+00,1.084856191084085930e+00,1.021537858397319587e+00,1.042467679384080137e+00,1.049683522410159719e+00,1.045114937562372281e+00,1.062605223037284219e+00,1.077226319104377383e+00,1.028500456495019089e+00,1.019182375715544930e+00,9.998894721597074708e-01,1.019693744156565662e+00,1.008970999040848637e+00,1.017016502589608740e+00,1.006844517616093393e+00,1.015892286488790708e+00,1.032529432493446420e+00,1.048931753809716039e+00,1.066306795020002918e+00,1.045172414961641261e+00,1.040501339067684050e+00,1.056468305783180073e+00,1.051356382453652261e+00,1.065639165872050542e+00,1.065410126784893441e+00,1.072815067335594286e+00,1.025509573343219127e+00,1.026107521344642226e+00,9.621383916489673060e-01,8.936239311286436893e-01,8.978877279262307276e-01,8.812842126947868504e-01,8.953024886464776566e-01,8.658445577624976908e-01,8.504218377791169514e-01,8.345589195890877887e-01,8.064195132528506615e-01,8.107960737631824122e-01,7.931674000714948880e-01,8.136692589888793181e-01,8.435969561563727570e-01,8.518335296422219205e-01,8.724290251414921205e-01,9.300959948793167120e-01,9.182496152554630031e-01,9.682164542035486265e-01,9.692861433011477068e-01,9.307713026410329160e-01,9.384095401046912421e-01,9.455989279841965356e-01,9.476652795692954712e-01,9.154557903359777926e-01,8.707479705247738178e-01,8.799804874172130198e-01,8.779397160525861388e-01,8.295991582872702663e-01,8.338677380527710348e-01,8.402867707528598462e-01,8.489714052341763573e-01,8.560300034137708902e-01,8.219873456499934283e-01,7.991214665834509567e-01,7.714079647073702750e-01,7.305312631652629562e-01,6.923644111632651921e-01,6.999408691396062920e-01,7.074968822457646800e-01,6.978515114009374853e-01,7.070712074899407895e-01,7.044556592622036595e-01,7.115407417319643546e-01,7.210678735893194524e-01,7.060675759517147654e-01,7.152956558359352401e-01,7.045531817971701916e-01,7.077076326303209930e-01,7.107529352714453408e-01,7.074288047463106466e-01,7.144197888031499355e-01,7.128693571325371847e-01,7.190281891721947982e-01,7.088770147659675391e-01,7.172935084141386364e-01,7.247695068597349577e-01,7.010058239720072804e-01,6.800707602300954946e-01,6.883244395630122581e-01,6.931319449572368452e-01,6.587244092298260023e-01
1.630531285345255599e+00,1.622173766700743647e+00,1.517003876387617245e+00,1.346031875596093164e+00,1.330446175556430966e+00,1.356927290448000090e+00,1.324593944224778719e+00,1.305881672380543534e+00,1.333774269388760869e+00,1.338664405208610519e+00,1.259090259417890545e+00,1.145163051140914101e+00,1.146003798629203319e+00,1.169624626173545234e+00,1.192365474282520266e+00,1.185416790908133011e+00,1.169326089871968399e+00,1.098717171061601050e+00,1.111598517886481563e+00,1.126313810420622286e+00,1.146582916727341583e+00,1.135384576957389369e+00,1.154883987391728706e+00,1.169603052918099184e+00,1.185287537931628554e+00,1.187247988530470977e+00,1.166952253931193173e+00,1.159289222991320534e+00,1.142396412988649690e+00,1.158822668937700362e+00,1.172271037168196139e+00,1.187766191613672362e+00,1.188539043399545747e+00,1.203571500771712044e+00,1.204609502569636614e+00,1.182234035050297338e+00,1.196949872733754860e+00,1.144545527908914062e+00,1.151321470164424321e+00,1.151403274763501905e+00,1.093691702143627653e+00,1.104989980206490863e+00,1.076640081980418939e+00,1.089897889972069933e+00,1.103418075636671825e+00,1.116933984147144177e+00,1.125287683936178729e+00,1.138433244823209067e+00,1.201083671734008318e+00,1.205395970313549059e+00,1.204308613317761401e+00,1.238815479296912381e+00,1.214282627440103957e+00,1.166623528086106365e+00,1.179264052757054593e+00,1.170585176898340185e+00,1.125562358792358664e+00,1.126595910181646731e+00,1.081336445018611814e+00,1.072815048561753581e+00,1.044147291631825292e+00,1.054929953233423312e+00,1.063200504860678519e+00,1.073605154273139739e+00,1.070501452236268136e+00,1.073708766736719777e+00,1.035907075113698506e+00,1.018576054101181683e+00,1.013737221759239082e+00,1.005778229981107552e+00,1.015767893973222424e+00,1.025045959474339741e+00,1.034871907787954459e+00,1.038852619891149187e+00,1.038249214511309582e+00,1.006493814380421847e+00,9.648981187645297997e-01,9.671163922296425186e-01,9.734576974200452870e-01,9.721366387596790393e-01,9.800030004782425141e-01,9.784622973958208014e-01,9.862908113187184300e-01,9.842930341407605255e-01,9.921499066958895385e-01,9.976973438682003037e-01,1.000781548183245384e+00,1.009301578939059585e+00,1.003547216576388790e+00,1.007006458954736949e+00,1.011972601063749089e+00,1.020227263682294216e+00,1.014510674527344003e+00,9.976536568321969778e-01,1.004968889212489724e+00,1.011831841947988364e+00,9.953667224938299585e-01,9.540400441478529281e-01,9.539157879926180028e-01
1.447757321814693965e+00,1.483133479756583828e+00,1.486296232706115328e+00,1.508633846135512435e+00,1.533075103442409937e+00,1.519578842175946853e+00,1.407824934470864653e+00,1.361293835434540300e+00,1.385825857444779263e+00,1.408179767136774396e+00,1.422331872757007343e+00,1.443178210782206206e+00,1.458150146682424264e+00,1.452812063890161376e+00,1.469583667487630807e+00,1.386268677312859632e+00,1.355050060895010677e+00,1.372472134359455254e+00,1.384693260945374815e+00,1.386427046979166633e+00,1.394797840528032351e+00,1.415044193801525685e+00,1.418861465411548117e+00,1.423798188577037882e+00,1.434074112474865270e+00,1.447892828558283274e+00,1.461177178075010463e+00,1.478406836218884246e+00,1.495378748029555505e+00,1.488552767243682684e+00,1.549578830708735255e+00,1.544027063221657281e+00,1.479916863005878103e+00,1.493289480776114786e+00,1.470582666326513799e+00,1.461882456329059110e+00,1.392445131816588910e+00,1.392981420490896571e+00,1.341445914866175260e+00,1.302419063604319582e+00,1.311689755697701854e+00,1.325769944240859033e+00,1.327063262502147900e+00,1.271411233570056698e+00,1.220968533566608727e+00,1.172009541022288159e+00,1.138082574899831112e+00,1.141859558402718022e+00,1.119856280042321961e+00,1.103833551768223398e+00,1.143277366136771001e+00,1.155015448368569952e+00,1.175132025729121565e+00,1.236641732474580646e+00,1.260739095271940391e+00,1.310581321170799063e+00,1.310295195356131703e+00,1.308382637394526649e+00,1.320004143926251539e+00,1.311189618222420972e+00,1.310051537376953235e+00,1.252946795115785106e+00,1.212134053311628490e+00,1.216872643725319225e+00,1.185410722854739030e+00,1.155907374711682145e+00,1.162796629546835936e+00,1.158197785941830871e+00,1.152853326825170388e+00,1.150702472196780235e+00,1.103080256284071137e+00,1.054799514064999721e+00,1.013063061867814918e+00,9.873856576161598175e-01,9.808903552951860894e-01,9.889812223877552100e-01,9.982318939876120290e-01,9.518856262351239605e-01,9.528692019876054964e-01,9.088888060446447259e-01,9.109067101267442901e-01,9.193210490128229662e-01,9.022575926762259613e-01,9.081237430330245664e-01,8.809615386672506876e-01,8.895304611403653805e-01,8.833043184209864451e-01,8.832070127941284987e-01,8.896548554577166090e-01,8.846177190830277759e-01,8.925249933882791753e-01,8.929300773595634233e-01,8.989827349875806339e-01,9.071811926616931698e-01,8.978883575093753455e-01,8.826642656372223339e-01,8.904334804405669157e-01,8.970070815676710607e-01,8.960962976539108560e-01
2.783249297113027598e+00,2.812791740243227423e+00,2.864696900578592498e+00,2.857730405833405651e+00,2.782712047834655422e+00,2.826799895728013379e+00,2.840651815395932367e+00,2.885515143753828227e+00,2.910775423914453874e+00,2.843251476134274647e+00,2.853363203871238429e+00,2.869405205416442506e+00,2.837769621769766992e+00,2.862853922520177452e+00,2.889916739848455318e+00,2.879186198351362691e+00,2.875981977073080564e+00,2.911022104788815845e+00,2.928752364329040514e+00,2.961282048526050481e+00,2.994736194812412045e+00,2.968783343386533158e+00,2.999429917459144779e+00,3.031434933481001348e+00,3.058169975729222223e+00,3.068715504163813446e+00,3.094844550613644607e+00,3.121730468699023930e+00,3.151532961799270893e+00,3.157440955370848013e+00,3.123087869426912633e+00,3.138359421071730271e+00,3.124110557074887939e+00,3.151803859071961700e+00,3.173266786927152250e+00,3.147493305462434332e+00,3.075847484730982462e+00,3.036406378970033959e+00,2.947615140424223235e+00,2.857215865704438862e+00,2.831344308685389777e+00,2.849619365128165605e+00,2.871290975180420979e+00,2.761035286145175238e+00,2.684706178015939138e+00,2.608993737499324173e+00,2.512267300126461489e+00,2.496824783532056280e+00,2.454395366666807909e+00,2.377949419346627291e+00,2.294164874860659342e+00,2.295066976773606715e+00,2.301509498290021494e+00,2.393130723240327384e+00,2.422411602307802170e+00,2.505233411242888231e+00,2.456789309037413993e+00,2.427466279224108181e+00,2.431908622393548658e+00,2.418573525082080344e+00,2.393299317601948140e+00,2.346330517297302354e+00,2.282993837911897028e+00,2.297843792512217931e+00,2.303629811288789853e+00,2.236880004394605770e+00,2.218839482253804896e+00,2.186385944143434568e+00,2.167357826257417575e+00,2.157191795452649163e+00,2.086151212938919919e+00,2.034414378875974094e+00,1.995588212598641054e+00,1.917232955392678351e+00,1.854188538566942768e+00,1.832010652420011265e+00,1.817992429095372620e+00,1.804030571653179260e+00,1.812347805372875209e+00,1.796171083793618228e+00,1.803488827221008783e+00,1.813973473777434453e+00,1.812054472385692394e+00,1.804054556302450152e+00,1.762672696794447269e+00,1.770893723880731185e+00,1.761575103783860285e+00,1.740468575589251943e+00,1.745052355348503559e+00,1.753887909017859847e+00,1.759410371163710796e+00,1.763274573602491069e+00,1.772476124976932299e+00,1.776821657451365555e+00,1.759596750737417503e+00,1.708735362432707516e+00,1.697376590456103340e+00,1.690636227543703685e+00,1.653070027484242921e+00
3.390608254436567215e+00,3.438613408745310629e+00,3.446608085651306386e+00,3.505587459171840781e+00,3.553448389236639748e+00,3.492509538877270447e+00,3.362632281906147380e+00,3.379397092271848813e+00,3.427566651393259001e+00,3.456446759875861918e+00,3.504959957532282733e+00,3.552789445185671635e+00,3.590938125926350644e+00,3.539921635552901513e+00,3.516900121835230930e+00,3.415465803315788307e+00,3.349339278300951683e+00,3.379333002795109397e+00,3.418671065300181944e+00,3.457765132324222002e+00,3.496456585860586941e+00,3.486083829510977949e+00,3.520673649751235867e+00,3.555806041518545069e+00,3.590421768486283138e+00,3.615622055715109529e+00,3.643141250965654443e+00,3.675886696207775639e+00,3.708953556382772021e+00,3.764195049152431416e+00,3.823064150288176144e+00,3.783120479956389559e+00,3.697263196160271104e+00,3.721275734019771964e+00,3.723152362715838493e+00,3.670611533825893336e+00,3.569100117031520636e+00,3.534578721615733610e+00,3.456218343614909205e+00,3.394689715071713909e+00,3.385097965053549096e+00,3.410075156915006733e+00,3.420969276786916868e+00,3.287885530178199733e+00,3.173592674583532780e+00,3.062388617492804777e+00,2.971409837232156459e+00,2.965388468958116697e+00,2.925257927701023331e+00,2.854544370040740020e+00,2.783776853561581444e+00,2.737089955153898302e+00,2.755430661486955035e+00,2.869663250941254962e+00,2.944559450844154824e+00,3.007318423080029834e+00,2.964110397718870971e+00,2.967800118478130411e+00,2.985826266519182148e+00,2.942321562083459074e+00,2.913311523517083668e+00,2.830984708041004438e+00,2.768058325977431178e+00,2.769433305430042846e+00,2.744177807472419239e+00,2.696633138033691868e+00,2.688426273708676817e+00,2.637658328642597638e+00,2.590110598827257249e+00,2.562626494940888122e+00,2.474993479112166384e+00,2.390692780407540408e+00,2.331752438439921971e+00,2.276828363922668963e+00,2.257313885930382291e+00,2.246565769295595150e+00,2.253379760919215880e+00,2.194938669861419722e+00,2.179738444436211786e+00,2.112016161044228735e+00,2.090865742777440417e+00,2.099958391008423408e+00,2.092260062393403341e+00,2.071042754650477491e+00,2.012346632218338094e+00,2.016568442932300087e+00,1.998718503006099656e+00,1.988923265640620386e+00,1.997370177684489212e+00,2.003351597758403546e+00,2.013309337935761167e+00,2.021540461583897663e+00,2.030135321521850944e+00,2.038572315555861270e+00,2.032076173588520884e+00,1.994543147719238796e+00,1.989297141518041823e+00,1.998719777295270283e+00,1.996974216718156558e+00
5.930877726443307019e+00,5.656284107237921077e+00,5.333780210351690698e+00,5.288173505683349873e+00,5.322264611200084872e+00,5.389804483373581867e+00,5.470879297199479296e+00,5.438014493469343513e+00,5.358630769481029787e+00,5.424442443433928673e+00,5.497553044384607901e+00,5.451912744567722235e+00,5.471637840260695995e+00,5.533613915251669013e+00,5.521826236023828827e+00,5.587598887682206694e+00,5.533402442012888223e+00,5.303223821432973217e+00,5.196257329284344806e+00,4.973255988633591862e+00,4.768965466585437518e+00,4.752540585540027784e+00,4.588401415721990340e+00,4.498503097720591093e+00,4.375877808797408619e+00,4.215816430886183852e+00,4.043062062560467851e+00,3.881910741017274624e+00,3.728239114450914826e+00,3.575652941099376925e+00,3.434930222643828746e+00,3.450621520687028099e+00,3.481063313502090750e+00,3.422996486634563684e+00,3.418051951338997085e+00,3.330850398288641490e+00,3.306213782381077326e+00,3.196007921374087957e+00,3.155973308584200332e+00,3.110944809122946353e+00,3.017424861397119074e+00,2.973242877055518818e+00,2.879567599039821513e+00,2.882542680066333851e+00,2.883310789887591152e+00,2.893198782007682546e+00,2.911110246701256621e+00,2.867700439282465208e+00,2.919946656676494001e+00,2.969494175062798114e+00,3.056503105847660606e+00,3.188838714339787384e+00,3.328159892371786555e+00,3.456918279437926511e+00,3.547750298040883266e+00,3.634358534177156486e+00,3.568979944905461554e+00,3.521174940496010208e+00,3.432782901232864337e+00,3.337396645934336270e+00,3.229704774824807778e+00,3.194774613841904198e+00,3.148612137074850548e+00,3.115102991502388452e+00,3.114729366863819848e+00,3.068517141414274452e+00,2.980459221020259175e+00,2.951362569178384465e+00,2.935022559956356858e+00,2.867745492989913547e+00,2.873351956507915972e+00,2.883527232789790062e+00,2.862633183350450139e+00,2.863772500076735117e+00,2.868443798717136950e+00,2.847154002612995782e+00,2.832745691142683597e+00,2.829788488599158214e+00,2.801670473617150936e+00,2.816332819230694007e+00,2.825545512437357409e+00,2.740944275275175368e+00,2.704696130297215895e+00,2.718454312080962776e+00,2.726746902978698817e+00,2.723296789664274353e+00,2.695454029521106687e+00,2.685260897516197343e+00,2.693613368835722000e+00,2.679554551029009080e+00,2.636327250092514340e+00,2.612354998707961062e+00,2.555002424541465089e+00,2.479211069403123080e+00,2.447375583033299051e+00,2.458858947651555216e+00,2.462789903258659319e+00,2.411332772049936235e+00,2.396073678843352095e+00
3.498568629370461647e+00,3.493054469399425432e+00,3.428317633141192644e+00,3.481448173937513602e+00,3.536634532653969654e+00,3.497864598329030628e+00,3.528708426079143035e+00,3.432531913679197633e+00,3.260425155161803090e+00,3.240600774931556849e+00,3.273077389930644898e+00,3.298684820806828899e+00,3.343067813752060857e+00,3.342784159760377793e+00,3.374442270107168795e+00,3.409088354883084815e+00,3.405693539525516567e+00,3.328345940278054194e+00,3.326235929951878667e+00,3.180882781201535003e+00,3.087640318017506491e+00,3.066293820309316853e+00,2.980474635428686625e+00,2.905615069894722957e+00,2.861255276746445197e+00,2.721325511008517051e+00,2.618751110087745637e+00,2.505195285894747936e+00,2.418648706349160182e+00,2.317366623046040797e+00,2.183110658640856627e+00,2.146786682637146892e+00,2.156860533811451042e+00,2.053644021448838064e+00,2.028081302150213094e+00,1.953500878115676409e+00,1.943635077467212424e+00,1.891648118861606553e+00,1.893051444307247699e+00,1.898891086006374351e+00,1.867294473713532188e+00,1.878467383000698820e+00,1.858916345900976985e+00,1.856780907419572690e+00,1.861107424299350166e+00,1.870087772543036930e+00,1.874483748192129484e+00,1.829312913574857813e+00,1.841277054228006360e+00,1.823865113163041229e+00,1.866024794917517493e+00,1.901139782963932712e+00,1.983906024546956193e+00,2.103941827293286160e+00,2.210717543303875932e+00,2.269617179769682025e+00,2.242565489805962820e+00,2.248920237256252896e+00,2.228421889918545951e+00,2.143062061559469544e+00,2.083190533308759473e+00,2.059569897481464462e+00,2.049646759201756652e+00,1.979200590230396406e+00,1.961025714664021979e+00,1.958804998089377358e+00,1.923486822498143622e+00,1.901558152443113103e+00,1.878996694451864569e+00,1.824871929136037574e+00,1.833726364949288534e+00,1.841316479784797844e+00,1.832645202191859557e+00,1.844133748630621739e+00,1.854599583546881814e+00,1.852885489665310192e+00,1.860567056311411172e+00,1.845995640736042942e+00,1.793066185942433721e+00,1.800446786565769841e+00,1.787181561612221303e+00,1.719906820145985726e+00,1.701518556518829994e+00,1.710764610357399684e+00,1.716171424772040766e+00,1.721675831582887062e+00,1.705117961641578139e+00,1.683319857476978321e+00,1.687763768736829206e+00,1.677278371956653968e+00,1.631049524475469692e+00,1.629295790221350515e+00,1.598086596029794304e+00,1.564515945933563357e+00,1.563456520334551625e+00,1.569003054167668276e+00,1.575972058847128654e+00,1.574316733126659207e+00,1.583021162185025421e+00
3.980662820234676325e+00,4.051186481296667807e+00,4.099514597075955002e+00,4.148947077147580487e+00,4.160306707736414644e+00,4.015829934122928435e+00,3.988398688431173067e+00,3.809184763115732508e+00,3.547124177081930174e+00,3.435723486814751926e+00,3.419706560342604007e+00,3.466316413739019886e+00,3.495313349815031501e+00,3.435597083152878817e+00,3.479519980968059478e+00,3.488413298737072843e+00,3.516877664231622180e+00,3.509798637669893306e+00,3.541803426975659974e+00,3.396495030814788318e+00,3.336398136284470795e+00,3.301786321881386321e+00,3.236391559861445444e+00,3.147496285778018432e+00,3.131907657857803340e+00,2.995362088920332955e+00,2.931726734461070460e+00,2.844484811318742423e+00,2.797008624352829376e+00,2.724569736311929891e+00,2.616340304367054781e+00,2.534592344712004675e+00,2.519716894171186716e+00,2.380994618508575300e+00,2.329669581987582561e+00,2.271295081609836508e+00,2.268292712170898007e+00,2.255709836441906813e+00,2.272390135395546906e+00,2.292132294045742924e+00,2.296486588253032313e+00,2.315095807266392747e+00,2.328709707528328288e+00,2.331915952666477665e+00,2.345198392057777248e+00,2.360521720153712533e+00,2.361232675406408354e+00,2.321176614452129527e+00,2.311700568108612242e+00,2.273656206256706280e+00,2.323800389300340274e+00,2.327271187260771423e+00,2.379503387727039954e+00,2.502166977977652085e+00,2.609941276309307945e+00,2.641570428589757213e+00,2.639401316430401323e+00,2.657034571998078132e+00,2.667004342725416421e+00,2.588300922359855871e+00,2.557688960688878854e+00,2.535292032503263737e+00,2.539467048436882202e+00,2.441785400822140684e+00,2.402596887265671111e+00,2.414769740233128736e+00,2.409584265973955919e+00,2.398576619515516040e+00,2.378603858442880803e+00,2.338455725767329074e+00,2.350639498720894949e+00,2.358670305920841592e+00,2.355409912372242509e+00,2.367015866368707755e+00,2.366606600580706932e+00,2.377507803476486714e+00,2.390080040239984882e+00,2.362598292975467196e+00,2.296552309306738149e+00,2.294444897705662623e+00,2.265429384335328589e+00,2.214973087317330336e+00,2.203714744759946775e+00,2.214339083328075830e+00,2.223370388150499810e+00,2.233459288668987686e+00,2.229502271230112243e+00,2.206478801006490187e+00,2.209259022634070480e+00,2.199751863318979428e+00,2.160154077059348143e+00,2.167289866084239236e+00,2.157086959304262752e+00,2.150407796652653136e+00,2.159300460718528214e+00,2.161988839858146161e+00,2.172514475759526498e+00,2.182880243658193109e+00,2.184674153812656172e+00
3.770528259475391053e+00,3.580374522059391662e+00,3.305707768799289514e+00,3.255669945812719401e+00,3.283605773878615963e+00,3.337095012266289462e+00,3.377719417894519793e+00,3.391024137417375517e+00,3.354745567222984892e+00,3.394885355822307993e+00,3.441877248543943946e+00,3.400869768532842841e+00,3.421557449930515027e+00,3.466355879570077736e+00,3.435589031092618484e+00,3.469446883040749441e+00,3.385089468290792158e+00,3.206826762740804693e+00,3.143827860174507993e+00,3.017154690122126670e+00,2.897627645824666143e+00,2.873548312542844041e+00,2.786374972542890127e+00,2.744807792301578342e+00,2.678994112201118494e+00,2.554056315342925654e+00,2.416443021263151358e+00,2.295509156156096076e+00,2.177528597217544881e+00,2.086678705988358917e+00,1.989644146165174821e+00,2.010029337664509086e+00,2.020289053957997627e+00,1.994516725084018560e+00,2.008097795787121331e+00,1.986682520713506372e+00,2.000952003129303769e+00,1.962062311254623825e+00,1.969074097865099127e+00,1.971805140890549701e+00,1.935125363097520923e+00,1.907959368205679462e+00,1.823025595000491661e+00,1.787683859353946136e+00,1.751506520786549226e+00,1.728474700417155896e+00,1.723685037658045038e+00,1.675032040178587645e+00,1.657604892429041410e+00,1.661059108335601664e+00,1.684357801222381212e+00,1.786643788966655988e+00,1.864754910856176284e+00,1.907509229604015699e+00,1.945490234451072942e+00,1.943821727253093767e+00,1.917261738033150920e+00,1.894648423022656125e+00,1.823529116526259042e+00,1.784997531385016156e+00,1.732898312115873418e+00,1.736268930308398684e+00,1.731590315419228698e+00,1.719905475617375279e+00,1.730726614282102283e+00,1.723043067795983374e+00,1.675760142956906007e+00,1.673155258337839513e+00,1.676548860727067991e+00,1.652089311983406805e+00,1.663452203377057126e+00,1.674011584752657100e+00,1.679196678331621007e+00,1.689278211496024529e+00,1.698423628817701703e+00,1.691451463656774346e+00,1.682748753089948535e+00,1.692793854846635249e+00,1.687188475538400123e+00,1.690147640530681228e+00,1.700297705430401596e+00,1.650710405649874701e+00,1.642997201840337596e+00,1.652244481793441633e+00,1.645856926738753279e+00,1.642731492334278398e+00,1.608240345294645435e+00,1.592687145811760185e+00,1.599551746085180692e+00,1.598448283304891637e+00,1.567839011097999835e+00,1.558834608250226461e+00,1.513772467132374677e+00,1.464776471590641727e+00,1.456466298948729365e+00,1.462717792184151877e+00,1.468251796503789564e+00,1.429888594311505834e+00,1.426987742998254927e+00
5.871085000771484097e+00,5.707328347560582493e+00,5.680216036616736019e+00,5.756482382889510419e+00,5.847844664990630825e+00,5.933913374088693793e+00,6.021699539664667533e+00,5.887634406054472080e+00,5.859721676797939871e+00,5.849553511212874923e+00,5.795831227922746187e+00,5.870694052428149234e+00,5.942392108767699632e+00,5.989593078980798069e+00,5.856855847458681374e+00,5.925530164498078456e+00,5.881888241276006291e+00,5.861821449126204620e+00,5.807825059218879815e+00,5.470559557984319810e+00,5.259329054904681833e+00,4.939558207205638318e+00,4.792767538652407566e+00,4.649025534274019655e+00,4.577200624644575555e+00,4.503392179993126021e+00,4.472930628936881092e+00,4.445990903652348614e+00,4.440360693864774611e+00,4.386167103134207323e+00,4.278269420085750063e+00,4.289019284334689708e+00,4.321668420309173975e+00,4.339539870173727110e+00,4.331503872141027500e+00,4.344499037074724512e+00,4.376333569443293214e+00,4.383917415766315884e+00,4.412923952410887196e+00,4.440474997690149195e+00,4.450612555075173837e+00,4.434058064609655680e+00,4.449404498599976776e+00,4.320335554453583526e+00,4.227589954906695979e+00,4.147316981049741003e+00,4.056061756527280515e+00,3.986132480688890478e+00,3.883084632272943981e+00,3.787840256904173142e+00,3.590528077070379354e+00,3.396131061490629044e+00,3.198422662515286063e+00,2.936406459404735880e+00,2.791083220239373830e+00,2.763106534793540181e+00,2.733241495783200747e+00,2.740789444796802865e+00,2.758667110423385971e+00,2.775233991527365163e+00,2.788442418485056251e+00,2.802746408725538707e+00,2.819827807280247178e+00,2.828828799010170147e+00,2.816531654002434326e+00,2.833453319554813721e+00,2.842278407838188414e+00,2.811507800138883795e+00,2.792314847620666285e+00,2.805755681602811080e+00,2.809055866922505196e+00,2.816788313042869696e+00,2.830954096546379084e+00,2.828893559884337883e+00,2.829102793360542822e+00,2.803127441580365087e+00,2.781786261197160659e+00,2.790056724768253282e+00,2.804832468140533219e+00,2.816908146073030750e+00,2.815261490032091363e+00,2.811814502421661643e+00,2.783651991408393478e+00,2.716397735329920238e+00,2.691977479027778397e+00,2.615266757536685915e+00,2.584168279556011694e+00,2.545317217854363712e+00,2.467208691124509023e+00,2.413689234052317278e+00,2.397875034769414881e+00,2.363648205315421080e+00,2.359405128187631817e+00,2.369383604244867048e+00,2.366883128702609973e+00,2.348055143931555566e+00,2.297090798832807756e+00,2.301216171051674309e+00,2.312015503957516760e+00
3.358304838081274557e+00,3.292940254806533851e+00,3.154262895033130398e+00,3.082266645878051659e+00,3.099707971508181448e+00,3.103665846148857099e+00,3.149120430265496040e+00,3.162038459607571461e+00,3.123842901591061150e+00,3.169822463304743820e+00,3.200820703147388091e+00,3.145411528958324876e+00,3.158842998495319243e+00,3.162736077655282418e+00,3.200250212952244766e+00,3.236271257108092492e+00,3.247243789598771802e+00,3.137886915655336395e+00,3.118128481598919421e+00,3.082119809897865270e+00,3.040305720318193128e+00,3.074270112763120455e+00,3.035197136734681056e+00,3.029694890752467451e+00,3.001312007322722408e+00,2.951214514099325559e+00,2.888234947810570219e+00,2.828393966861940001e+00,2.769319075612471259e+00,2.758872422125199009e+00,2.698506565681936920e+00,2.679326774243433462e+00,2.696226451210613106e+00,2.668722168164851194e+00,2.681181226300710208e+00,2.567551195413293463e+00,2.529394814566821470e+00,2.397208498856519210e+00,2.347341597759853737e+00,2.294763567769458668e+00,2.180588342460403339e+00,2.187122156939735884e+00,2.159885343137478042e+00,2.172946362163057810e+00,2.188778421725790402e+00,2.202122693907297091e+00,2.210245641143416595e+00,2.219408665022243099e+00,2.333565386622294291e+00,2.359471340964289343e+00,2.365515464504857501e+00,2.410183889892962394e+00,2.484364007919149575e+00,2.592499322792443994e+00,2.705014890795241822e+00,2.782099404415927513e+00,2.693123507614488599e+00,2.675966319663995563e+00,2.621362205287116609e+00,2.530037703637746382e+00,2.430214743325430859e+00,2.401052722664387407e+00,2.364172817055844700e+00,2.340091444264874365e+00,2.345856102329236137e+00,2.309324966835484272e+00,2.226425492738402401e+00,2.162897333059999205e+00,2.115277906852771395e+00,2.042645109852807117e+00,2.032657861738045746e+00,2.029479125777429172e+00,2.010199982292722343e+00,1.997610226450460047e+00,1.993610321923607653e+00,1.946280068018371390e+00,1.913971859450606550e+00,1.909157501851308503e+00,1.872582889346314783e+00,1.881372438715265272e+00,1.872057518074877969e+00,1.820568975309360793e+00,1.810733940686504173e+00,1.806578020645417837e+00,1.816667418651088939e+00,1.827041242559166001e+00,1.827357215679545455e+00,1.833793515138263164e+00,1.842753775941534666e+00,1.847429774756267795e+00,1.830404496914181278e+00,1.830787672431573476e+00,1.805353228100336160e+00,1.754243548558231280e+00,1.742695639314898681e+00,1.747180594144805754e+00,1.730562745321778673e+00,1.686168279551569116e+00,1.678584882931806854e+00
3.407469734337338796e+00,3.169187852248342985e+00,3.101240292442557056e+00,3.148119486634441966e+00,3.158850060337996535e+00,3.210667184541390551e+00,3.248794551072147652e+00,3.147340171904259076e+00,3.142950535401214385e+00,3.185800393448450674e+00,3.201586807058541595e+00,3.234160499680398093e+00,3.231234461686281367e+00,3.270827914110464807e+00,3.206602524629500017e+00,3.239141619354917179e+00,3.240481777621432080e+00,3.185238238072168215e+00,3.072010602911329880e+00,2.827095964190607713e+00,2.622453263881716179e+00,2.519155909142476890e+00,2.353128754499845599e+00,2.229968140383549180e+00,2.105949291901483278e+00,2.067805423672062659e+00,2.031964181493006283e+00,1.997770436143042172e+00,1.969174790810767295e+00,1.854745054187928455e+00,1.840726177738047697e+00,1.858970463383529781e+00,1.870768222795299529e+00,1.870005377834869975e+00,1.821879982639075912e+00,1.832971881207815068e+00,1.808669184032359878e+00,1.817700150511609269e+00,1.790359107405136152e+00,1.765150025106621445e+00,1.777238896814222757e+00,1.713004210549417206e+00,1.707991798135362282e+00,1.710504597299632445e+00,1.714149730915085046e+00,1.721752187541904622e+00,1.731868780519931761e+00,1.716934698434132045e+00,1.701973352584429833e+00,1.769519219314875436e+00,1.834468701612610442e+00,1.797874224954602473e+00,1.786421069464059208e+00,1.747101012517811691e+00,1.675924194248870736e+00,1.738124693690232814e+00,1.747837462769456618e+00,1.695932505402058643e+00,1.691886231149300368e+00,1.685930512769816314e+00,1.679328839721602185e+00,1.634925163871915332e+00,1.590737510473900329e+00,1.593291800467026231e+00,1.562544016098895483e+00,1.523223995365115213e+00,1.524279097540780725e+00,1.535531302137600473e+00,1.546797646333324838e+00,1.547503060275502440e+00,1.544525278014395209e+00,1.544509071404784439e+00,1.515106714395308529e+00,1.514103444962683342e+00,1.515844999215006039e+00,1.526171781836172192e+00,1.536222815857011037e+00,1.516874281918450862e+00,1.523858599674457137e+00,1.530734671973656313e+00,1.538008110626275959e+00,1.524430084792805395e+00,1.469384888501077624e+00,1.461663574048492453e+00,1.470818554106096299e+00,1.433636835862313275e+00,1.432837763386318075e+00,1.435539273741617050e+00,1.410622280503773363e+00,1.366769502883473208e+00,1.362480826627114228e+00,1.315949988702494577e+00,1.310344395891687830e+00,1.304559802010238245e+00,1.261884549699596514e+00,1.269202010288345672e+00,1.271012337153515137e+00,1.275638509435288670e+00,1.256265255789934976e+00
3.239415850417793230e+00,3.082213686205997671e+00,3.062305463848093101e+00,3.113172619646272121e+00,3.159393180496811393e+00,3.158815035444721975e+00,3.203322700073147900e+00,3.187229680137327659e+00,3.223867410105837106e+00,3.254496953798041492e+00,3.245270865278082173e+00,3.290160805035664104e+00,3.323843390720427227e+00,3.303500556902208452e+00,3.175023414179239722e+00,3.207418155239057711e+00,3.175832184693996751e+00,3.173846136976797183e+00,3.127245694374459095e+00,2.977685599883448830e+00,2.876572231938654856e+00,2.700327017028009813e+00,2.644438228588661399e+00,2.600204693171277892e+00,2.573341013308018788e+00,2.574458952628207786e+00,2.582662332560779372e+00,2.595450332574094077e+00,2.611514380359350795e+00,2.666993043654126261e+00,2.650298644236757539e+00,2.616463934133830271e+00,2.626941935965419361e+00,2.651352505512387214e+00,2.665574847462524932e+00,2.646686550594005816e+00,2.661966314205304052e+00,2.649864315870038567e+00,2.667213031762570630e+00,2.685270463625626380e+00,2.681274533100490576e+00,2.660024593253290437e+00,2.672358166285091485e+00,2.601961894503236561e+00,2.546236021692229290e+00,2.496629454666931647e+00,2.453250249782279013e+00,2.435611117775874579e+00,2.413038754112331041e+00,2.392904202271661340e+00,2.248244829072297168e+00,2.074169786365404722e+00,1.951760904902406946e+00,1.801099352696247546e+00,1.739353196947244440e+00,1.684248077323666770e+00,1.641848184048237735e+00,1.645000923697385486e+00,1.657561946755773619e+00,1.648032751852445577e+00,1.641923405474063014e+00,1.653970259186522407e+00,1.666088421713756818e+00,1.675673274383923994e+00,1.684287607406156351e+00,1.696157876631781969e+00,1.692871497586397211e+00,1.644803154473610363e+00,1.602099431471883939e+00,1.596232414863809845e+00,1.595418086100900634e+00,1.595546463191593656e+00,1.606475778581367253e+00,1.608950959796902946e+00,1.616748562336079331e+00,1.590136202044256652e+00,1.577740994309665412e+00,1.588160377470523077e+00,1.586459983954402020e+00,1.588409724436340653e+00,1.561518653522969258e+00,1.570811426281901291e+00,1.563865348310315095e+00,1.502637433101711828e+00,1.489349522636563172e+00,1.433759709045459685e+00,1.423702425505490199e+00,1.416771098675429830e+00,1.372572487791621221e+00,1.351840378287846312e+00,1.357362701426658491e+00,1.337340802703462783e+00,1.342904350528124402e+00,1.351250963302153885e+00,1.350987995870204905e+00,1.347056786784623261e+00,1.309200831451418079e+00,1.313717031221625531e+00,1.319519567367522406e+00
2.783249297113027598e+00,2.836210235668109814e+00,2.864696900578592498e+00,2.773985270922700419e+00,2.782712047834655422e+00,2.795782727559064984e+00,2.840651815395932367e+00,2.866749432289520616e+00,2.910775423914453874e+00,2.910990121013956156e+00,2.853363203871238429e+00,2.815743555193874759e+00,2.837769621769766992e+00,2.821009225823106981e+00,2.814171196140332398e+00,2.844828277053498056e+00,2.875981977073080564e+00,2.893922998706919270e+00,2.928752364329040514e+00,2.939934792073853220e+00,2.968980994514078819e+00,2.892876127547113541e+00,2.924331865132029584e+00,2.949340616015045935e+00,2.980395389196679901e+00,3.011009510401548628e+00,3.035642260574162865e+00,3.060555197027893026e+00,3.081258354548275680e+00,3.152725400727023786e+00,3.123087869426912633e+00,3.105978844307526909e+00,3.124110557074887939e+00,3.146129292500151831e+00,3.173266786927152250e+00,3.094301697109552940e+00,3.075847484730982462e+00,2.978200085896508309e+00,2.947615140424223235e+00,2.913174247857373000e+00,2.831344308685389777e+00,2.853528667781692452e+00,2.871290975180420979e+00,2.821416236387617182e+00,2.793713282268256659e+00,2.764433383808579059e+00,2.719049754347876657e+00,2.728034072367577778e+00,2.795480006766917214e+00,2.759931120361899026e+00,2.632309747719568271e+00,2.559590719709294415e+00,2.500229243600283091e+00,2.474707694021724524e+00,2.526739740189068328e+00,2.564881825796289760e+00,2.456789309037413993e+00,2.458908947083256358e+00,2.431908622393548658e+00,2.377542580734147482e+00,2.307146569054167262e+00,2.300810959057625560e+00,2.282993837911897028e+00,2.288933375162239603e+00,2.303629811288789853e+00,2.281640245035174708e+00,2.218839482253804896e+00,2.136441553239183833e+00,2.075689096426734270e+00,2.029973011114208692e+00,2.009032086473359513e+00,1.998997704320266688e+00,1.995588212598641054e+00,1.966461890994682937e+00,1.946657199360709800e+00,1.875240394064301208e+00,1.817992429095372620e+00,1.825558682958086099e+00,1.812347805372875209e+00,1.818838825286216654e+00,1.803488827221008783e+00,1.801521642527901035e+00,1.812054472385692394e+00,1.768263564382345221e+00,1.762672696794447269e+00,1.752914332133569397e+00,1.761575103783860285e+00,1.765181987727377777e+00,1.745052355348503559e+00,1.750832677873947141e+00,1.759410371163710796e+00,1.768805760482164757e+00,1.772476124976932299e+00,1.754483593187792234e+00,1.759596750737417503e+00,1.746125170810908234e+00,1.697376590456103340e+00,1.657874133650938830e+00,1.653070027484242921e+00
4.947734580599553844e+00,4.948272009905725355e+00,5.010810405701958459e+00,5.018153968712609547e+00,5.078901780029595692e+00,5.119708144731832000e+00,5.191637276839618842e+00,5.177874592549537525e+00,5.222239271844895114e+00,5.201273104275494497e+00,5.132208970823547212e+00,5.172077072919673668e+00,5.235042918058448791e+00,5.227368052839342027e+00,5.125285347333858432e+00,5.170524479202025958e+00,5.152495634809662661e+00,5.200157724804630455e+00,5.225950229055928986e+00,5.104172138245931301e+00,5.062603474135842774e+00,4.818116494911922842e+00,4.814016504544014197e+00,4.794681841162228508e+00,4.818872050543929753e+00,4.833043529868389143e+00,4.867879863743490354e+00,4.904261694772153568e+00,4.946108236858765217e+00,5.025892778920473702e+00,4.962804271515836696e+00,4.941731118768013076e+00,4.959320616085073574e+00,5.001363534599459371e+00,5.036452450907039413e+00,4.978388752186022614e+00,4.969912538832301330e+00,4.901488938492451375e+00,4.885520557636709782e+00,4.868203699755672353e+00,4.818858508247164885e+00,4.837968716971055905e+00,4.871439333488931211e+00,4.728111348745943410e+00,4.626988957082959431e+00,4.531270886323390812e+00,4.418820754573802745e+00,4.388984030378312085e+00,4.367086337704027876e+00,4.256369586693866225e+00,3.988608804724014689e+00,3.791034860837172005e+00,3.619463415056910716e+00,3.471459888865473076e+00,3.455140685473014894e+00,3.457615014299419087e+00,3.338773103438593015e+00,3.356935905272325549e+00,3.360370246999843324e+00,3.327355694949889031e+00,3.281763586664906640e+00,3.285089992912327617e+00,3.279069630324873419e+00,3.297227161619017632e+00,3.314905303523594249e+00,3.304824216620887434e+00,3.265508793644817498e+00,3.166857746528581874e+00,3.092112343652069217e+00,3.065025999272775969e+00,3.029209503888472543e+00,3.007120220518126441e+00,3.011921382663280689e+00,2.970951168600232783e+00,2.945111771704305159e+00,2.869081816495449910e+00,2.813311400633821346e+00,2.826158504198978960e+00,2.825857339704640037e+00,2.826246247667272282e+00,2.803482914927435843e+00,2.817873499141484661e+00,2.827067152688635510e+00,2.741777282585338149e+00,2.704743901008285878e+00,2.654992125007952897e+00,2.641718522531394608e+00,2.617949275597384773e+00,2.560704151627266167e+00,2.549874845764891873e+00,2.557694731298227886e+00,2.558722430394285041e+00,2.570391174980853677e+00,2.574467980312879600e+00,2.586480001772604620e+00,2.549864401665947078e+00,2.476219699382538941e+00,2.455942121239000020e+00,2.458671999981991707e+00
3.483579873330199028e+00,3.311854795996609813e+00,3.050857086239400662e+00,3.008258465714423568e+00,3.039127437422170619e+00,3.089458029135471406e+00,3.123065752953310792e+00,3.139190299488621161e+00,3.105487782119136675e+00,3.140641672088473335e+00,3.184863452861630417e+00,3.149461050125335060e+00,3.172696421827828406e+00,3.214465131724340896e+00,3.182152546709929641e+00,3.210167279474210655e+00,3.121931502021316529e+00,2.955330048968267231e+00,2.901447730672506164e+00,2.786287035648581156e+00,2.679136253364884812e+00,2.651652773435630994e+00,2.575325301628738739e+00,2.539175252944305683e+00,2.482554655212502404e+00,2.361545665982383913e+00,2.230368867870471394e+00,2.115947360646296183e+00,2.005167960271217353e+00,1.922011633560112287e+00,1.830624912093498535e+00,1.850470543213968089e+00,1.855275875643723094e+00,1.833093504596791989e+00,1.847943113562978024e+00,1.836113849696021427e+00,1.852943757202902830e+00,1.826329731453306238e+00,1.838413019161806883e+00,1.847223528427220041e+00,1.821177779915240658e+00,1.798687219816668126e+00,1.718724302621206679e+00,1.673702229260560559e+00,1.628931547513844391e+00,1.597689836521958950e+00,1.586030073649071781e+00,1.534715654891537273e+00,1.501366089190034669e+00,1.492707840813292552e+00,1.503763421035414716e+00,1.598636714416993287e+00,1.667506634606310545e+00,1.699927176833634368e+00,1.731297619485412165e+00,1.717909888822266362e+00,1.698621961496814770e+00,1.681516636763280781e+00,1.615322575399081417e+00,1.584837670647934793e+00,1.542241007143451359e+00,1.549276879361016546e+00,1.550078738962584746e+00,1.540367462668227994e+00,1.551505625229244290e+00,1.549609664777086060e+00,1.510251154838550214e+00,1.511521728181762780e+00,1.517331262889193733e+00,1.499083834342354926e+00,1.509100118132060464e+00,1.517602797260678926e+00,1.525183637132427661e+00,1.535740159187681586e+00,1.545640588680177618e+00,1.541855888049254997e+00,1.535688795491087166e+00,1.545914794680037563e+00,1.542652097546948653e+00,1.542725824753052644e+00,1.552674056548583925e+00,1.507664449800776962e+00,1.503299848375742709e+00,1.511633517122394688e+00,1.501517732351183687e+00,1.498282752273493168e+00,1.461814049020539352e+00,1.444005776318357359e+00,1.450437589712487707e+00,1.450596375893983048e+00,1.420793708212886752e+00,1.413993407659605239e+00,1.370625307251880365e+00,1.326321847537362375e+00,1.321566704637051393e+00,1.325840312311787006e+00,1.332053050693158269e+00,1.297898375822041483e+00,1.297776802844572863e+00
1.628608549446369791e+00,1.660007869252636770e+00,1.683639703492175288e+00,1.715882966580365654e+00,1.735815466110230743e+00,1.722425360321848897e+00,1.618968971803577350e+00,1.565638574679405037e+00,1.587869220987702557e+00,1.611191541224012092e+00,1.630153238388099224e+00,1.657146829866084525e+00,1.667456185650246558e+00,1.661981976248554593e+00,1.683951159295484334e+00,1.606132666869917403e+00,1.591512564600006785e+00,1.615333012840229010e+00,1.620760611212520130e+00,1.612960046739459363e+00,1.612832106672670074e+00,1.634860920285201136e+00,1.630313253758812309e+00,1.630383529800860432e+00,1.634686579037867515e+00,1.653536607612544174e+00,1.672307057185893120e+00,1.692503772475662416e+00,1.712462482017960363e+00,1.702250421246886747e+00,1.761050666062648817e+00,1.754216683354455464e+00,1.692317727280550299e+00,1.704310455544404190e+00,1.679845334164305592e+00,1.662445211367100661e+00,1.583069135724359811e+00,1.574961077227636785e+00,1.511352406049008446e+00,1.460102568113550880e+00,1.463894355553101212e+00,1.477059941305616020e+00,1.484248600586439482e+00,1.430015745494068069e+00,1.382671503457512108e+00,1.335890908446498937e+00,1.301354939447755044e+00,1.308014736354037977e+00,1.294434424666506267e+00,1.283742235695879863e+00,1.327221672159570209e+00,1.336837647190052936e+00,1.363690339959465536e+00,1.440176512240723739e+00,1.470273452953969384e+00,1.536470423855620604e+00,1.529935666809878247e+00,1.522953446994423921e+00,1.535294881044342974e+00,1.519355950013985490e+00,1.511411479502987598e+00,1.447320294272822050e+00,1.397918198812391211e+00,1.400874879775846793e+00,1.368416502647739064e+00,1.330329377653773681e+00,1.333107148184142998e+00,1.323503856790293032e+00,1.314171752467450549e+00,1.306589246366551604e+00,1.254401323703548510e+00,1.203300464648277446e+00,1.155043816334547557e+00,1.123801335493179510e+00,1.113384641941438824e+00,1.119356278050457565e+00,1.128869131158343198e+00,1.079119226787500496e+00,1.077133946841450030e+00,1.034564951137599831e+00,1.035628559316776665e+00,1.042127222415567100e+00,1.019763084423204402e+00,1.025008284047344009e+00,9.990645829287052582e-01,1.007315549638409857e+00,1.004509961289229869e+00,1.005834832264871581e+00,1.012282369909254243e+00,1.005066021865149040e+00,1.013401991279936354e+00,1.011036576477556626e+00,1.018623713697281996e+00,1.026057940490634257e+00,1.011802112468864978e+00,9.947525580455851557e-01,1.001884302045650266e+00,1.009679068348852793e+00,1.005024539540249284e+00
3.060685082933151335e+00,3.022008005140583986e+00,3.059160094675964281e+00,3.069497419200152954e+00,3.118954383532478669e+00,3.149328565551865022e+00,3.199645372394647413e+00,3.158440065929397189e+00,3.184511400693686767e+00,3.184629695830318852e+00,3.129205594308979599e+00,3.157828210642766642e+00,3.200741760397753932e+00,3.199939323468619090e+00,3.118740960124829709e+00,3.155994219778925469e+00,3.151897848246616896e+00,3.178748793099928083e+00,3.174702995866054867e+00,3.049088492544262063e+00,2.986923699219647510e+00,2.805863878305015824e+00,2.775811240031322846e+00,2.738205331588683844e+00,2.736502327672270418e+00,2.744189747113498168e+00,2.764550132891394174e+00,2.785481946825134170e+00,2.810213991105215747e+00,2.852561192628919162e+00,2.816556978788650412e+00,2.803643687460641853e+00,2.823162136790626331e+00,2.848806716021206498e+00,2.861391090283544880e+00,2.833638207727743552e+00,2.844909344235095006e+00,2.811361622085240874e+00,2.819188896086464613e+00,2.825636186071318168e+00,2.800614405805792018e+00,2.803389054866825880e+00,2.824534321090597988e+00,2.753237404893073226e+00,2.704582175189979232e+00,2.659717687096174732e+00,2.605911849231733690e+00,2.589378293962795841e+00,2.583608141926410973e+00,2.535096879853976137e+00,2.380985689272266725e+00,2.234933401318480506e+00,2.100730961892971482e+00,1.950067099563571826e+00,1.907306736176597850e+00,1.892006601675193300e+00,1.824324964779699521e+00,1.838037612372685592e+00,1.842133066595539992e+00,1.829546663216863989e+00,1.809882347438233285e+00,1.821662872459874905e+00,1.830483717696733681e+00,1.842960115829040513e+00,1.848717212324435311e+00,1.855275691845847508e+00,1.835950410752882789e+00,1.779409623794613315e+00,1.736878793626156936e+00,1.726327675634798720e+00,1.720871285974082010e+00,1.720713161083916809e+00,1.731230266212689051e+00,1.721817512974167297e+00,1.717734429906293103e+00,1.672102648442463924e+00,1.636809354881631817e+00,1.647231536663629647e+00,1.649610403667307601e+00,1.656763947521139535e+00,1.642294943737470758e+00,1.652486280631278337e+00,1.650873520030878838e+00,1.592774337435607812e+00,1.580487741415223413e+00,1.537566788819891839e+00,1.533354532510708745e+00,1.523557301085889826e+00,1.476042452820463868e+00,1.457953404972093248e+00,1.464034705323264962e+00,1.456473017679702942e+00,1.464939409275447302e+00,1.469798962530661113e+00,1.476738150483380974e+00,1.465093373387755804e+00,1.415350121480045686e+00,1.404211991887133637e+00,1.411598393108690397e+00
3.588152350344777641e+00,3.648505676137396847e+00,3.709497359327175836e+00,3.614988166126015479e+00,3.620267036421946028e+00,3.649945607653241275e+00,3.635677177673039218e+00,3.440658923392675206e+00,3.378129885317592507e+00,3.291998801336072145e+00,3.126905752235172198e+00,3.100997360274358350e+00,3.128439229395725274e+00,3.169411213819262496e+00,3.175970805748838277e+00,3.192731577020216704e+00,3.227339945463241655e+00,3.265956193059331270e+00,3.289316355350468957e+00,3.110889524009670559e+00,3.044382518736597376e+00,2.856825516418860733e+00,2.804588285987151153e+00,2.710294135908075663e+00,2.706874727339571685e+00,2.694891377297702562e+00,2.715639957116427805e+00,2.729724014404483423e+00,2.753904026941739414e+00,2.705973553987158109e+00,2.671743364357204609e+00,2.697256970922812691e+00,2.709689383808017826e+00,2.710109585174204305e+00,2.671718601934167214e+00,2.681863977849952452e+00,2.705488679562484400e+00,2.690107544581723520e+00,2.706233587485896930e+00,2.714907701585201671e+00,2.693127647911917055e+00,2.713060141898601785e+00,2.731864765171692966e+00,2.701497741317385515e+00,2.695276164151090725e+00,2.690483278139051748e+00,2.655753419746238908e+00,2.636475775825136925e+00,2.633204297394579729e+00,2.570824444231084804e+00,2.525214795341224949e+00,2.492296074705170117e+00,2.365725497928583110e+00,2.211087303958273687e+00,2.150784923838626739e+00,2.162251202680165907e+00,2.131384367372261668e+00,2.144442746868818972e+00,2.138776979125094790e+00,2.153562832596597865e+00,2.159013647172235650e+00,2.164431401097358876e+00,2.178917103090811658e+00,2.174998310130944468e+00,2.137978610764077914e+00,2.149018967746045838e+00,2.141141626318818325e+00,2.132371356178244248e+00,2.136280798146131144e+00,2.148126475699055238e+00,2.159786782693622342e+00,2.172923064286736761e+00,2.182691033371782385e+00,2.180001647995370551e+00,2.166019307482268452e+00,2.136262019875101892e+00,2.089784678849579969e+00,2.077679015859154710e+00,2.086520280749847966e+00,2.090296590016276213e+00,2.102088227949785892e+00,2.110083258599311229e+00,2.099694839219790943e+00,2.082189904704428773e+00,2.088246659601868505e+00,2.072517679720546901e+00,2.079030771331810357e+00,2.069866872854269957e+00,2.029574133991179696e+00,2.004049509429336240e+00,2.005746207335604936e+00,2.006305155305731169e+00,2.016630924450207640e+00,2.023510842128250165e+00,2.032794277447270481e+00,2.028490535794525762e+00,1.997207242220397028e+00,1.969257789392077074e+00,1.969110794436036649e+00
2.102673316187643415e+00,2.120055046498754869e+00,2.161868968415321834e+00,2.145013419466085480e+00,2.043098396415798490e+00,2.047545096056231806e+00,2.084087089815968241e+00,2.087713804248331861e+00,2.024036240956933685e+00,1.893614501372514303e+00,1.876967390038264849e+00,1.887380026310583991e+00,1.836999296229776535e+00,1.860189241881995414e+00,1.887554089302242888e+00,1.908457007868609390e+00,1.908989120560464992e+00,1.934109249035452116e+00,1.949283563008103126e+00,1.952012026105766518e+00,1.974073464957205148e+00,1.938757281526081400e+00,1.960409040700904937e+00,1.970419306380605251e+00,1.993905961153156881e+00,1.957343004528059982e+00,1.958248554748601489e+00,1.956371825359837668e+00,1.967767404087755523e+00,1.946224428630076275e+00,1.864982916365412580e+00,1.883102278960558262e+00,1.895702583061349866e+00,1.892861955500508175e+00,1.911922739257525539e+00,1.924783734197181628e+00,1.905146298289372764e+00,1.905803684848253132e+00,1.863189682389864155e+00,1.812397975928433214e+00,1.814172659977282276e+00,1.822693019887002164e+00,1.838302229052812375e+00,1.766240263044626113e+00,1.723807730770199331e+00,1.683717964523278710e+00,1.614285405945166563e+00,1.584265073347600250e+00,1.517259969432089184e+00,1.444419133854025317e+00,1.383224369146490718e+00,1.400535394493571673e+00,1.395807260023271601e+00,1.449052559957831887e+00,1.447933646519454776e+00,1.472291922795335273e+00,1.465594234017525199e+00,1.440794024588863964e+00,1.449333089168715283e+00,1.461434394142683946e+00,1.468198273851781366e+00,1.464764792182930098e+00,1.442985444410617157e+00,1.436286109181672987e+00,1.447650719424348420e+00,1.414905650746155930e+00,1.419275766244729953e+00,1.422543570208021357e+00,1.430936799668012238e+00,1.441298327825607961e+00,1.412559188436788959e+00,1.398995237509113698e+00,1.394368526032175648e+00,1.347106760679197546e+00,1.293211411929435339e+00,1.292154685539411485e+00,1.286925128848222410e+00,1.295339393281190743e+00,1.298201719585348801e+00,1.303780911437716350e+00,1.310217078712611505e+00,1.313454851211056873e+00,1.321266512365042223e+00,1.326612655474586511e+00,1.306002166274008225e+00,1.314512706651418394e+00,1.305302290639924090e+00,1.278199713677917071e+00,1.282091829570285224e+00,1.290543671948826576e+00,1.282923313825915068e+00,1.288927696299057457e+00,1.293621453718927672e+00,1.302026584436733803e+00,1.296862431981960606e+00,1.262543268499035198e+00,1.262683827096301670e+00,1.261223309708855878e+00,1.227651152404698465e+00
6.192692796056624260e+00,5.843699551431952521e+00,5.692820494751376081e+00,5.784160296575143079e+00,5.857170789069807704e+00,5.904214825776457509e+00,5.984269161320477259e+00,5.933641736714130310e+00,5.958853437349752369e+00,6.007915584606271509e+00,6.024912458556015871e+00,6.095888545927108382e+00,6.146385797073167900e+00,6.160422515651181818e+00,5.955576952657493983e+00,6.015047070918896566e+00,5.922304777392808361e+00,5.842473648915357920e+00,5.725027054782381164e+00,5.397137891608845273e+00,5.151688054832536778e+00,4.862838661710798149e+00,4.701039703614217302e+00,4.579317743744452329e+00,4.478832659167962582e+00,4.411443050155388512e+00,4.361032781917598022e+00,4.326193323607288477e+00,4.303782230377119156e+00,4.299454267153122622e+00,4.237871118345641896e+00,4.213838086267101879e+00,4.229238490352212665e+00,4.258843347480988584e+00,4.269440577701338668e+00,4.282272266701158792e+00,4.313830321885459895e+00,4.333698029264816398e+00,4.366931163020070450e+00,4.400466627232099803e+00,4.424249878222499710e+00,4.368241577659024877e+00,4.359317072113802816e+00,4.228696169833177088e+00,4.120080722555317543e+00,4.027267090113812564e+00,3.951445891887441331e+00,3.888848972400892556e+00,3.778716091372815278e+00,3.738740889471414697e+00,3.547773975214994380e+00,3.329154002738347717e+00,3.172836552895842654e+00,2.940638605281843621e+00,2.790945459464341027e+00,2.695174055239344835e+00,2.683576309673891380e+00,2.663043238941474655e+00,2.671447157183083565e+00,2.685644684493520007e+00,2.701388869505281232e+00,2.717153658612826650e+00,2.731858025564525949e+00,2.748375211599733969e+00,2.754146153742921932e+00,2.768499912344958069e+00,2.783535660891606422e+00,2.753756117519572388e+00,2.726348185367891475e+00,2.738920231157432106e+00,2.742992849682614587e+00,2.746762558305871682e+00,2.760890753242496221e+00,2.769671224392827646e+00,2.783069814297791211e+00,2.773458265773417697e+00,2.775168572245258147e+00,2.789344227391799880e+00,2.801127497323478988e+00,2.802836500264941133e+00,2.782086009340519972e+00,2.779138998170894936e+00,2.751599182371228913e+00,2.678920524754358823e+00,2.650974658136970419e+00,2.561739213535333182e+00,2.522075285877128259e+00,2.494164441185493963e+00,2.430302886428757692e+00,2.385382713926163856e+00,2.375091101989582398e+00,2.327110416179031915e+00,2.314701024526555795e+00,2.319262597634321743e+00,2.304554061401947518e+00,2.296822636135560369e+00,2.261838535651471194e+00,2.272438384470113260e+00,2.274432018465064154e+00
2.017945684206262413e+00,1.793913505114730578e+00,1.749771788049967025e+00,1.772625087269150690e+00,1.730977762462131864e+00,1.736710585682500030e+00,1.769521916247194682e+00,1.746700028378610270e+00,1.776108617987650629e+00,1.803395953205068070e+00,1.822882070891279183e+00,1.842310453750563903e+00,1.809977558885860871e+00,1.813153003271935182e+00,1.731991708543169528e+00,1.757159277411304510e+00,1.758293539295493479e+00,1.730302348332263929e+00,1.624728542822375443e+00,1.485870091667451875e+00,1.352224468179772376e+00,1.286265602019881049e+00,1.187475126317503626e+00,1.129480615227224538e+00,1.046257565147456825e+00,1.054331081124139535e+00,1.055327789663673022e+00,1.060237699596269012e+00,1.062853318862081009e+00,1.048686832324706275e+00,1.063300305185618022e+00,1.054868194715957497e+00,1.070716100154997186e+00,1.086779203196845067e+00,1.074883532391333718e+00,1.090070045073591620e+00,1.084842471284605203e+00,1.099630237124824772e+00,1.083572215602055300e+00,1.064890721730269663e+00,1.079172932275590746e+00,1.014099041068556639e+00,1.016519297939106670e+00,1.024689366469053953e+00,1.031228540566665686e+00,1.039780578421545698e+00,1.052046046078485064e+00,1.057592699110207146e+00,1.057651513357442452e+00,1.130761765081147230e+00,1.149266006453364852e+00,1.083488887142832757e+00,1.057667102431160355e+00,1.010725787848056667e+00,9.384866566232464846e-01,9.380413143705084167e-01,9.497409511085175282e-01,8.965195054154425636e-01,9.000121112249998001e-01,9.111707613951914864e-01,9.200537232329937254e-01,9.044207239486239391e-01,8.788807371165533455e-01,8.888456998031473155e-01,8.846072440684621396e-01,8.565391176807958251e-01,8.657816991464195588e-01,8.727224785813524344e-01,8.777575595327726798e-01,8.879109324183380725e-01,8.886264786632488422e-01,8.933560538409054397e-01,8.819477739745259504e-01,8.784151050671769045e-01,8.716815333384695386e-01,8.796703865068531414e-01,8.888667699612067263e-01,8.891648313315002605e-01,8.960401511896245452e-01,9.051158056944124120e-01,8.984340743823252540e-01,9.043583880736760783e-01,8.763796145340566612e-01,8.640217572463252393e-01,8.729093222338668578e-01,8.426857417234028258e-01,8.489026678284939953e-01,8.574304431294623718e-01,8.434868138578017760e-01,8.227370028746435748e-01,8.305697183571217890e-01,7.983807157745737015e-01,8.037220164076036566e-01,8.087487378910364066e-01,7.787729269755869765e-01,7.836702369471493235e-01,7.848213514570133720e-01,7.904844382720979112e-01,7.637983699563239970e-01
4.561365224273788321e+00,4.463884599990349145e+00,4.307280688466161855e+00,4.373593697424197124e+00,4.443027035861865315e+00,4.499587695073926419e+00,4.568310380972222973e+00,4.498572465735783510e+00,4.370946671989639043e+00,4.342135433238287767e+00,4.372687194573645186e+00,4.412168849165873930e+00,4.468992161427061127e+00,4.525220151636823118e+00,4.495696382060994090e+00,4.547222304948296490e+00,4.470416897626914299e+00,4.357649170557174934e+00,4.332708701076787960e+00,4.111818674074744884e+00,3.963384745469290316e+00,3.836386051071464909e+00,3.722820671756505106e+00,3.625679103656769264e+00,3.564089594653094828e+00,3.384368500969854310e+00,3.248944176621060276e+00,3.117313794082837042e+00,3.016525390998135769e+00,2.868479186893471589e+00,2.678340187236559089e+00,2.702538362663883031e+00,2.722967421328723603e+00,2.666480703760074622e+00,2.664304660513501677e+00,2.677641330886322724e+00,2.701237049259260559e+00,2.717250839624303804e+00,2.740026411463522216e+00,2.762504796627696990e+00,2.779346767277839803e+00,2.777405058854717890e+00,2.739795370682412301e+00,2.634598412024049541e+00,2.553651312545273999e+00,2.488624031093940037e+00,2.420993920527259036e+00,2.317702826209442346e+00,2.176469683810907885e+00,2.065354458657805203e+00,1.998198688301618731e+00,2.024298261231859186e+00,2.042948929390583146e+00,2.050340902200333826e+00,2.057869789689922513e+00,2.063521328658031617e+00,2.074169732868054616e+00,2.079486990189510554e+00,2.056179844356792685e+00,2.029389651972488995e+00,2.014075849646553618e+00,2.021181828468128661e+00,2.031587405006106017e+00,1.989745993377910693e+00,1.987696867886343144e+00,1.999495842687393221e+00,1.994053657998867912e+00,2.006542371535574798e+00,2.018632721442036981e+00,2.010030064671940231e+00,2.015453190060743527e+00,2.022846275953573691e+00,2.032736858124425172e+00,2.036378636657076857e+00,2.038487165329230688e+00,2.050569109796149370e+00,2.062682025991334100e+00,2.069934461638890610e+00,2.056754851658543881e+00,2.064693015465394854e+00,2.075366204198951792e+00,2.018594167744583778e+00,2.004523739944889638e+00,2.004450915822924451e+00,1.978207548346065936e+00,1.960826509898075498e+00,1.906751136891238874e+00,1.851583383392550353e+00,1.838108677369904242e+00,1.819334201200356604e+00,1.761784909010775335e+00,1.750756512216891325e+00,1.704787362213029178e+00,1.676882580755390428e+00,1.677992406432865735e+00,1.661010995543604096e+00,1.666489118978578876e+00,1.668118225502684071e+00,1.676895970628819565e+00
4.240816016449675097e+00,4.233498736726737377e+00,4.173311489663125151e+00,4.238880278274524294e+00,4.278186854467457501e+00,4.339670831675419116e+00,4.404735063932477601e+00,4.355972178357083280e+00,4.250795864135842983e+00,4.166329130381042134e+00,4.165110625014531998e+00,4.220549572935552440e+00,4.269168844026049570e+00,4.322793780299820199e+00,4.295019060147132528e+00,4.336539212142837663e+00,4.262793312380281918e+00,4.220214172061578672e+00,4.236703332374157860e+00,4.074917750799562199e+00,3.992888874070672944e+00,3.833032223135051986e+00,3.779910479303442816e+00,3.719063786699483565e+00,3.707384414852296306e+00,3.574846172238095754e+00,3.500299224731515224e+00,3.429678356577008813e+00,3.389465542930373942e+00,3.302967111394039978e+00,3.138559377459008815e+00,3.166684449280458225e+00,3.179580647586897513e+00,3.161315313460480780e+00,3.178088440539191595e+00,3.203415122568095352e+00,3.211582080756391289e+00,3.233084930157504644e+00,3.233770498370106328e+00,3.232942977065614620e+00,3.254936129265315614e+00,3.272369986682976517e+00,3.267380480964523048e+00,3.119015666985545554e+00,3.009414149355706947e+00,2.912294461119551592e+00,2.797200592239982075e+00,2.702366952156434632e+00,2.535889227439293236e+00,2.366936007897344929e+00,2.199717196189773460e+00,2.169752793788327416e+00,2.113952480755680430e+00,2.081544891124019969e+00,2.054865023126952739e+00,2.048151564520227730e+00,2.052633768388108404e+00,2.066660993578536054e+00,2.075668495499183752e+00,2.086273163101314054e+00,2.100472530505849811e+00,2.113084289333441834e+00,2.120708126757881562e+00,2.101922224408271589e+00,2.110264934256143032e+00,2.113371230129290623e+00,2.127031156168519122e+00,2.130518205568222356e+00,2.138417800042716088e+00,2.150840980052072027e+00,2.128035596807292151e+00,2.115661809691249839e+00,2.126018332156113022e+00,2.096282995072471511e+00,2.067609034588313577e+00,2.070873912385143623e+00,2.073537893191918613e+00,2.085597584100899127e+00,2.088117384121958686e+00,2.089585434577770240e+00,2.101361738116737765e+00,2.076741359203757575e+00,2.079899296087557747e+00,2.066530886937332667e+00,2.019370834945412696e+00,2.002787106479297918e+00,1.950362245828097141e+00,1.884341537127103505e+00,1.863963974638451093e+00,1.855090489783835839e+00,1.813533407184597435e+00,1.815458528559590556e+00,1.792896700041184843e+00,1.792690098796136944e+00,1.802255386423027739e+00,1.756887187380260507e+00,1.748382649650836340e+00,1.757346572633117443e+00,1.754921987054842036e+00
2.039907761432626643e+00,2.027217940359212989e+00,2.066791484727043215e+00,2.104852087225396406e+00,2.104210336661040515e+00,1.913504675323238535e+00,1.873244338995291969e+00,1.866541989399696844e+00,1.781248975557167658e+00,1.775627712951337367e+00,1.805601091866013030e+00,1.835139061147458950e+00,1.843464137402870850e+00,1.706167970352730379e+00,1.654841659920275099e+00,1.638830798632552765e+00,1.655713225263419242e+00,1.678287315882403652e+00,1.690645704718449327e+00,1.712837316126450071e+00,1.736354834689105342e+00,1.749454065553406101e+00,1.769180089004296130e+00,1.784446480116371303e+00,1.806145555985169793e+00,1.794386983672745739e+00,1.799106110537131542e+00,1.794598113511134629e+00,1.799466382983731183e+00,1.894508594975306659e+00,1.901376319917401636e+00,1.801775734741958956e+00,1.782143709526300857e+00,1.737918184638303165e+00,1.745140554199065663e+00,1.665860390541669123e+00,1.655960480693604131e+00,1.612066839373648586e+00,1.618448389948828225e+00,1.629700131780907446e+00,1.607526260471885404e+00,1.603066315497849281e+00,1.618733209996009004e+00,1.619064409822303485e+00,1.616669004233520113e+00,1.613701922604908523e+00,1.621992213640985447e+00,1.635767864847336162e+00,1.688597456594429946e+00,1.709849125469961706e+00,1.669360638448308842e+00,1.574864521234697445e+00,1.583849890935114191e+00,1.646072330428613562e+00,1.731973132904341073e+00,1.714574463658036674e+00,1.678668924144843366e+00,1.690571216429414214e+00,1.697579445865289527e+00,1.628682660532065229e+00,1.590757886540899113e+00,1.580139907166197899e+00,1.583304374221229605e+00,1.533397749259164833e+00,1.529859075003557445e+00,1.538044190880473838e+00,1.520708296305945284e+00,1.472402902119607893e+00,1.418764012131541019e+00,1.373659717585385964e+00,1.374446750425524222e+00,1.371279102699857200e+00,1.370879142186754773e+00,1.380151566064048874e+00,1.388967110618361422e+00,1.377148995508750140e+00,1.381990442683249221e+00,1.370988827491980588e+00,1.316254492455614544e+00,1.307486284753584860e+00,1.255776960687281285e+00,1.237905399051503208e+00,1.245480268458488471e+00,1.223557806702688877e+00,1.229913409477754183e+00,1.227210743250054525e+00,1.235910245425535070e+00,1.241394084951261023e+00,1.246610341118808307e+00,1.255105482465108446e+00,1.247868347752400187e+00,1.254912645097487012e+00,1.257720754850773170e+00,1.254960103043927022e+00,1.263196788601872900e+00,1.271437952153759321e+00,1.266368494815782286e+00,1.273300175956233904e+00,1.275756050756256865e+00
2.622763843173896881e+00,2.673426402879397923e+00,2.706285380493720805e+00,2.658550523420571299e+00,2.686814831667181380e+00,2.635522466186765556e+00,2.502538909118790844e+00,2.279012057085032072e+00,2.208100322198957244e+00,2.184867591355897698e+00,2.082240901715404657e+00,2.069910914402824265e+00,2.099062322124113589e+00,2.089387335493499087e+00,2.119161298482338474e+00,2.039955694076507342e+00,2.058290144313013492e+00,2.085921808918941078e+00,2.098734791713997794e+00,1.959237210150261310e+00,1.901241264271081643e+00,1.846832243545221353e+00,1.786051344612198832e+00,1.693578984226549178e+00,1.677100829838177765e+00,1.680070843916279255e+00,1.699054357532404858e+00,1.711130861196024311e+00,1.729517513920952876e+00,1.669870620017025908e+00,1.764951074780792606e+00,1.750011902661647634e+00,1.674516588968852693e+00,1.649271959994703440e+00,1.556128427393511204e+00,1.563426275803535326e+00,1.527668714604557110e+00,1.544214126990860469e+00,1.542397601301199073e+00,1.551620221430100477e+00,1.564644687240771326e+00,1.580029665375611181e+00,1.583422953860162741e+00,1.597825678582971864e+00,1.608480576576429621e+00,1.619113063404225672e+00,1.633735434020140431e+00,1.640728079224645475e+00,1.654881128885429931e+00,1.655448433038775979e+00,1.759876328869972362e+00,1.780945022220217666e+00,1.752773189309205337e+00,1.728188359554083009e+00,1.726551531622871671e+00,1.759630186557336273e+00,1.773249274615310345e+00,1.785485693046066968e+00,1.793410164825463227e+00,1.786168284354970215e+00,1.795776558788842348e+00,1.749161074861862231e+00,1.737821951903590234e+00,1.717365976678368433e+00,1.648510485182526297e+00,1.650809175082001756e+00,1.662446783048516341e+00,1.673179586596497792e+00,1.680478891400122299e+00,1.683942248096246486e+00,1.677932539128971223e+00,1.663363347951415161e+00,1.641420842949889325e+00,1.651483144381477919e+00,1.660866572303151933e+00,1.666294430659553738e+00,1.657720533069495961e+00,1.605329900944882704e+00,1.597195786069723011e+00,1.565361861722565973e+00,1.567110691386327970e+00,1.569599886830886026e+00,1.544273631434929017e+00,1.552280146361220359e+00,1.557952229877602290e+00,1.559590590883889405e+00,1.568864025694399533e+00,1.575689035573482943e+00,1.562133148375698610e+00,1.538597568765859736e+00,1.542501763042338769e+00,1.541311003473906815e+00,1.550354076020294736e+00,1.559208672460867806e+00,1.560386913411910381e+00,1.569218471491613753e+00,1.569597245238378624e+00,1.561929756007002235e+00,1.569990264756254694e+00
2.674278003422582817e+00,2.577762530226968440e+00,2.590329355387797516e+00,2.593784960000649953e+00,2.530145180602393129e+00,2.288489929710772142e+00,2.211725500776696496e+00,2.192268385143608445e+00,2.095105709992453491e+00,2.048613466401021377e+00,2.069413031375666012e+00,2.086011397260979283e+00,2.050039676489098017e+00,1.877306091707342750e+00,1.777232995742207056e+00,1.740391488409385623e+00,1.737443275874398729e+00,1.755749226432513188e+00,1.731432537979613384e+00,1.755510284171960977e+00,1.775075135499890822e+00,1.792088871837468789e+00,1.815193061440840028e+00,1.831697725551289180e+00,1.852562964059428330e+00,1.847077115519470514e+00,1.863251436864471033e+00,1.869981409491586755e+00,1.886048794966274755e+00,2.004811853167973723e+00,2.039597012207197579e+00,1.917282045984488814e+00,1.882885625352783254e+00,1.830508335903584305e+00,1.833783735361745659e+00,1.782198766837167492e+00,1.784998629414439764e+00,1.776328349301763421e+00,1.793080323346506244e+00,1.810239681782833010e+00,1.815508993683389471e+00,1.787582877306278961e+00,1.798045188613716761e+00,1.803858509536859778e+00,1.803051115443257579e+00,1.803028174185285604e+00,1.817064797677971688e+00,1.831421127971046170e+00,1.860225063016776925e+00,1.894741937953059674e+00,1.875988534246504358e+00,1.788039661563181504e+00,1.796760552991162774e+00,1.854588458055425271e+00,1.916397751788317949e+00,1.855975862558408851e+00,1.847598455159127795e+00,1.847515548074948999e+00,1.861265779977472778e+00,1.811105628911627408e+00,1.798591060807273267e+00,1.795837385075273795e+00,1.807169243341697040e+00,1.751535765167679282e+00,1.743487510617803382e+00,1.755736671572061924e+00,1.758605575685396216e+00,1.731365945962586750e+00,1.693128631243897120e+00,1.667983705253665461e+00,1.675321898152043021e+00,1.676976733270279851e+00,1.683007617022948432e+00,1.693451490699986239e+00,1.693629061603299624e+00,1.697612366600110390e+00,1.708516929230879278e+00,1.697412643039688307e+00,1.648056044120290498e+00,1.635028332876791834e+00,1.581949434928056952e+00,1.575837222050613384e+00,1.585502307729805826e+00,1.571703655320156212e+00,1.579573472397126421e+00,1.576579638363202251e+00,1.586170012467395196e+00,1.591256639168801001e+00,1.599377988938423423e+00,1.608697048361067861e+00,1.605918063078777713e+00,1.610760953390624417e+00,1.618776107653230989e+00,1.625811972232611202e+00,1.632087959992591264e+00,1.640297116398754307e+00,1.644613511039858755e+00,1.651586048043928390e+00,1.641458955843419831e+00
1.630531285345255599e+00,1.508113404173314853e+00,1.517003876387617245e+00,1.483948223263155120e+00,1.330446175556430966e+00,1.296111374106347025e+00,1.324593944224778719e+00,1.352403907677140138e+00,1.333774269388760869e+00,1.247307836740568554e+00,1.259090259417890545e+00,1.251496520988009120e+00,1.146003798629203319e+00,1.140709758585044531e+00,1.127002014125527696e+00,1.147073242875497945e+00,1.169326089871968399e+00,1.176034800610483710e+00,1.111598517886481563e+00,1.122848005624045298e+00,1.116437156481850046e+00,1.134703839165089878e+00,1.138405003081041089e+00,1.156705786617067133e+00,1.153303530622676654e+00,1.153115073671745705e+00,1.169552686269452302e+00,1.183841744696721543e+00,1.201359089492511467e+00,1.202646491246683658e+00,1.172271037168196139e+00,1.174170821020277256e+00,1.188539043399545747e+00,1.190626726358109622e+00,1.204609502569636614e+00,1.218671354465349133e+00,1.196949872733754860e+00,1.200833311663151992e+00,1.151321470164424321e+00,1.090044322119090303e+00,1.093691702143627653e+00,1.064246694679291227e+00,1.076640081980418939e+00,1.059207569029662288e+00,1.056999251271178997e+00,1.054263612109451076e+00,1.031043786231867321e+00,1.032283353425595296e+00,1.013511499775638480e+00,1.033711827357261637e+00,1.044632512144306080e+00,1.053605696688959759e+00,1.070950673947105525e+00,1.124562817569806139e+00,1.109802199493400643e+00,1.122255751307030369e+00,1.125562358792358664e+00,1.078152519404985688e+00,1.081336445018611814e+00,1.092682465449486884e+00,1.099272853061449728e+00,1.091295171646802009e+00,1.063200504860678519e+00,1.060537953260382915e+00,1.070501452236268136e+00,1.031172218093917126e+00,1.035907075113698506e+00,1.045390077920119287e+00,1.055645019265703199e+00,1.065638835221953018e+00,1.048426598762948858e+00,1.043316087940956205e+00,1.034871907787954459e+00,1.000454950552565503e+00,9.563253850394674016e-01,9.626265890292263760e-01,9.648981187645297997e-01,9.718315539180795160e-01,9.734576974200452870e-01,9.817671350763834681e-01,9.800030004782425141e-01,9.882586521468764706e-01,9.862908113187184300e-01,9.945465369784172172e-01,9.921499066958895385e-01,9.957540431477124310e-01,1.000781548183245384e+00,9.952222490731855720e-01,1.003547216576388790e+00,1.008955461482660576e+00,1.011972601063749089e+00,1.006415592757909705e+00,1.014510674527344003e+00,1.021495109904188459e+00,1.004968889212489724e+00,9.881683710398495579e-01,9.953667224938299585e-01,9.937390065120929039e-01,9.539157879926180028e-01
1.542971020836887419e+00,1.567633283568220071e+00,1.594719588170242730e+00,1.536344625190065205e+00,1.561857530841620267e+00,1.590365944555760302e+00,1.567629147055187078e+00,1.452126460496776295e+00,1.453016609640247481e+00,1.446009548409950440e+00,1.347522354725519289e+00,1.326379730178681937e+00,1.351395432599582280e+00,1.375341905735256054e+00,1.371959203733359667e+00,1.369608654807224379e+00,1.392881605504726839e+00,1.415063600503896346e+00,1.418363060354925764e+00,1.312833870777807554e+00,1.267104293515529001e+00,1.163039370905726511e+00,1.127781609246674810e+00,1.071999230233231959e+00,1.066141056771040097e+00,1.080680245725502031e+00,1.098737436048498273e+00,1.116206192052241031e+00,1.133539374415751144e+00,1.115735594516738427e+00,1.133617734462006199e+00,1.148948562926010775e+00,1.149180643206361152e+00,1.161605782729555392e+00,1.130369844304932592e+00,1.132648541179272605e+00,1.145572314730464170e+00,1.132927885681724423e+00,1.147901746840642057e+00,1.161874495341892910e+00,1.144478881651026958e+00,1.153019012544956201e+00,1.160942212958238295e+00,1.163805120962514206e+00,1.172930675458728311e+00,1.181990572096891734e+00,1.181696486306041738e+00,1.185561764956854613e+00,1.212936752729306011e+00,1.209216426301435998e+00,1.201955477810447315e+00,1.166666573615897651e+00,1.084274286097310247e+00,9.652969063136456196e-01,9.209430500356525773e-01,9.275897130076208308e-01,9.063859906921001297e-01,9.176195965242881503e-01,9.107290615538774503e-01,9.202612695117908803e-01,9.221763206164982352e-01,9.195733256668191524e-01,9.278153040326472256e-01,9.361552676430713316e-01,9.084816594200006978e-01,9.189345079951994899e-01,9.111693480628709763e-01,9.033600152337371014e-01,9.039109109343844706e-01,9.108998061237523203e-01,9.202867360049453715e-01,9.275721375845780159e-01,9.302207639134700834e-01,9.385508932762082202e-01,9.438831513438505905e-01,9.230934809582358458e-01,8.936001895935122841e-01,8.818391955233969570e-01,8.911933670419770470e-01,8.903562472031666397e-01,8.976333524346329362e-01,9.066970229280529869e-01,8.954215210452143303e-01,8.819759367065660438e-01,8.908133789040380002e-01,8.777035589320687503e-01,8.863974479663333517e-01,8.920119263747736671e-01,8.648273588004147250e-01,8.456028358096081554e-01,8.535280403052544207e-01,8.504368353441417172e-01,8.576775249645500754e-01,8.606465167346337708e-01,8.646723626912156124e-01,8.712590030203943847e-01,8.501360015601449049e-01,8.318718650903773604e-01,8.393583788231024911e-01
3.309415846490370239e+00,3.268857610258822266e+00,3.306035460935527137e+00,3.340356419787172459e+00,3.396407710599968599e+00,3.420539328087795816e+00,3.397544224184586348e+00,3.181445262899988968e+00,3.106634716126862372e+00,3.103863782171116803e+00,3.043746077802415240e+00,3.083276188557627417e+00,3.120805785743787641e+00,3.157813537285875771e+00,3.150812257794439297e+00,3.152740379700419204e+00,3.181155982332696919e+00,3.184453967204720293e+00,3.145061695131352142e+00,2.888960194297619744e+00,2.725840892190706466e+00,2.594119687759498749e+00,2.449239529035344365e+00,2.297519854112676896e+00,2.215362384541301299e+00,2.170627442575499000e+00,2.157058770871795428e+00,2.133177313380892226e+00,2.125958372086411696e+00,1.988908976083804125e+00,1.988019031887292343e+00,2.002496932552190412e+00,1.984145189109207452e+00,1.954415873656624392e+00,1.861627298291934851e+00,1.873637951745580565e+00,1.851725815017787768e+00,1.869321565318059708e+00,1.866506101369574289e+00,1.872062666853002044e+00,1.889279393827637987e+00,1.880661817508629374e+00,1.896613838120436712e+00,1.900362845743875928e+00,1.910739883774673187e+00,1.922903502413700227e+00,1.927039583584124305e+00,1.907454857553047001e+00,1.894618393083872476e+00,1.900291991671675840e+00,1.977875285488004176e+00,1.951233530762285673e+00,1.899773322217421345e+00,1.831907885776124401e+00,1.783969328990328451e+00,1.859921783461542688e+00,1.874064360659206452e+00,1.869740152855283277e+00,1.883164811637195069e+00,1.872916212064845265e+00,1.877035381296847882e+00,1.827369265714358537e+00,1.804735765040260453e+00,1.784639555686383883e+00,1.717494354477906437e+00,1.708605066958496677e+00,1.719762329138953216e+00,1.731758297683489545e+00,1.743017718273227379e+00,1.744401676167163240e+00,1.745338048410180365e+00,1.742463929189096872e+00,1.716405838992536292e+00,1.726568754954076246e+00,1.737539718415153756e+00,1.743687019190281795e+00,1.741837665991719408e+00,1.698712141559188593e+00,1.694827833340128764e+00,1.687335660172436747e+00,1.697084147848691993e+00,1.684976850404834581e+00,1.634831972639893882e+00,1.631591946647764191e+00,1.641461901720841610e+00,1.618200689503364265e+00,1.622531056152725304e+00,1.619803281516646098e+00,1.586057694843982402e+00,1.537472109082906879e+00,1.529428358925626119e+00,1.504122843951301469e+00,1.507170544561477143e+00,1.512764969223382661e+00,1.496952043563318346e+00,1.505311820583821181e+00,1.499735899557484986e+00,1.504418914725099921e+00,1.511366999728560145e+00
3.661136718594682371e+00,3.689145305779266693e+00,3.668362150033460445e+00,3.688433724428560101e+00,3.745567113786675950e+00,3.646830840215297798e+00,3.646951405734382146e+00,3.610625814226659624e+00,3.512710500849260509e+00,3.556609286410638227e+00,3.605082801825998384e+00,3.606381030582707314e+00,3.646481611646442467e+00,3.583321292600040842e+00,3.625485497565501536e+00,3.633972763356021041e+00,3.673766345648872722e+00,3.625750027686467369e+00,3.639068091165034158e+00,3.605012205504857015e+00,3.581567061816413489e+00,3.620611191471412305e+00,3.588560728800651134e+00,3.576447011094755268e+00,3.563400757369968641e+00,3.519547325562917717e+00,3.481757187827315025e+00,3.435480969909884053e+00,3.398903147546699977e+00,3.421214250404168933e+00,3.383552494480243311e+00,3.311251670721851781e+00,3.299080977793755753e+00,3.244746423176054329e+00,3.242357014591710662e+00,3.092605827038429567e+00,3.025754845189008169e+00,2.888792333460068473e+00,2.831920639060131251e+00,2.783399594033483915e+00,2.681838803153983264e+00,2.702673502533243788e+00,2.707597716022034362e+00,2.709797209611618296e+00,2.715141160240310381e+00,2.716446284909063813e+00,2.720313419145438338e+00,2.734867156172444691e+00,2.854366090844767001e+00,2.873173930386885289e+00,2.870118105134690900e+00,2.852742543274447318e+00,2.932930903700674996e+00,3.091614330623507101e+00,3.250130221951650356e+00,3.344561861199853769e+00,3.251961435275700918e+00,3.251702814505242678e+00,3.224145301312632661e+00,3.100499168384494464e+00,2.994048242860628317e+00,2.939890173324539724e+00,2.896036098452729579e+00,2.842716033323501534e+00,2.830973618867142605e+00,2.796995783744584685e+00,2.722536536229330562e+00,2.638298271970808351e+00,2.562897871448087006e+00,2.468656382102925928e+00,2.445082007606965480e+00,2.424792974403754187e+00,2.389938232076372238e+00,2.378756846799911173e+00,2.383666026370252489e+00,2.341268041935507860e+00,2.326274682068841582e+00,2.296349565970541295e+00,2.226259421488843593e+00,2.219338959723580640e+00,2.182167438501319889e+00,2.123703065841142212e+00,2.108026750962025631e+00,2.093320378148564753e+00,2.100487929458049408e+00,2.111191373102555335e+00,2.118307857035784725e+00,2.125521513049828393e+00,2.135915530695357223e+00,2.137856510357754924e+00,2.116813502152349535e+00,2.120850073506549194e+00,2.103998740589178684e+00,2.062928026492859335e+00,2.055623385815441573e+00,2.060220939737792190e+00,2.045198369605235378e+00,2.026535309269763996e+00,2.030626620610932243e+00
3.498568629370461647e+00,3.411933506268502558e+00,3.428317633141192644e+00,3.485669521516089997e+00,3.536634532653969654e+00,3.556746992645009708e+00,3.528708426079143035e+00,3.326806911914419018e+00,3.260425155161803090e+00,3.287749307913347963e+00,3.273077389930644898e+00,3.317724007432231392e+00,3.343067813752060857e+00,3.376897711377788269e+00,3.379297110217723610e+00,3.373083995749325048e+00,3.405693539525516567e+00,3.389511874692481275e+00,3.326235929951878667e+00,3.077183089031931829e+00,2.899825924754225071e+00,2.823222281010939749e+00,2.664476292591247741e+00,2.521777480245600778e+00,2.420690253093318756e+00,2.380434472586193895e+00,2.359771049824920031e+00,2.329201686865608689e+00,2.312039619339095076e+00,2.165317848775751841e+00,2.183110658640856627e+00,2.189763871106530146e+00,2.156860533811451042e+00,2.123253354930562331e+00,2.028081302150213094e+00,2.012802418186113940e+00,1.943635077467212424e+00,1.940989144094018348e+00,1.893051444307247699e+00,1.858688366012960280e+00,1.867294473713532188e+00,1.846232134584969931e+00,1.858916345900976985e+00,1.875149276857937197e+00,1.891673978202038864e+00,1.907988793178878373e+00,1.923861466730047765e+00,1.915209084573511245e+00,1.922590066189565405e+00,1.965139388216392335e+00,2.096454045762978780e+00,2.098244726104729896e+00,2.109534577022575519e+00,2.131886082124882620e+00,2.123330780450273902e+00,2.237252477613857593e+00,2.242565489805962820e+00,2.220392452405379302e+00,2.228421889918545951e+00,2.196019990175792191e+00,2.179413450553782994e+00,2.102742265336728256e+00,2.049646759201756652e+00,2.027583454299272336e+00,1.961025714664021979e+00,1.923500553289913650e+00,1.923486822498143622e+00,1.928866672421219564e+00,1.932889792171105459e+00,1.918094311731187718e+00,1.900783958843867083e+00,1.882189777250615759e+00,1.832645202191859557e+00,1.831441474024473104e+00,1.839502215221905157e+00,1.850957650278378663e+00,1.860567056311411172e+00,1.804570178071852826e+00,1.793066185942433721e+00,1.779109832312575801e+00,1.787181561612221303e+00,1.765483220708937262e+00,1.701518556518829994e+00,1.707245307458082229e+00,1.716171424772040766e+00,1.698778544248929823e+00,1.705117961641578139e+00,1.708579504449222464e+00,1.687763768736829206e+00,1.639583639902373768e+00,1.631049524475469692e+00,1.598606262944427314e+00,1.598086596029794304e+00,1.595664319963095990e+00,1.563456520334551625e+00,1.570705791585264466e+00,1.575972058847128654e+00,1.584723531177095968e+00,1.583021162185025421e+00
2.916733826616570990e+00,2.883098268766925543e+00,2.921655850373529706e+00,2.853733024966112364e+00,2.698930512382299529e+00,2.587864841228817436e+00,2.584332946333721903e+00,2.528528101451515742e+00,2.388726354236031746e+00,2.199266614751288262e+00,2.143986617862078781e+00,2.122450004788988043e+00,2.023659183665309502e+00,1.980058623453708755e+00,1.992924031228415105e+00,2.012832448554061848e+00,2.039965476660040355e+00,2.066053776103772499e+00,2.064152021829722017e+00,2.057766440598089552e+00,2.081384911436619412e+00,2.058707377386486126e+00,2.078604832425882787e+00,2.074023407789330697e+00,2.098229366136505458e+00,2.051304444036097241e+00,2.057151152786026227e+00,2.052084165910279978e+00,2.065490158977873136e+00,2.064494744224269152e+00,1.990559228685728543e+00,1.965666888445801508e+00,1.980344639854041855e+00,1.936368685721072680e+00,1.942883034427356659e+00,1.961357728558859259e+00,1.971621051698702498e+00,1.984601287737381314e+00,1.967143989405588878e+00,1.933968231846121100e+00,1.942849124261718297e+00,1.932409519730146963e+00,1.948069114722903450e+00,1.925418857189875155e+00,1.924911617825930898e+00,1.925079548921891703e+00,1.892415878676021235e+00,1.873160126975849549e+00,1.833457200324280389e+00,1.799193575427511016e+00,1.791392754702612944e+00,1.814178033713946370e+00,1.816102504802563855e+00,1.869789353501958296e+00,1.877817911124258554e+00,1.854128778417161616e+00,1.863111814252547571e+00,1.835361764291027376e+00,1.841757839619413417e+00,1.845162643559443483e+00,1.858588109156443346e+00,1.871810320584166742e+00,1.873172239909413284e+00,1.834526126826140136e+00,1.834735054989558023e+00,1.821374597138955664e+00,1.831450047908153245e+00,1.843861128822381179e+00,1.853959477495902286e+00,1.863165704695289637e+00,1.863714889593170332e+00,1.872860395019199764e+00,1.883171382751149370e+00,1.858791039467630357e+00,1.812475525672197607e+00,1.818611097290852241e+00,1.813174287414267782e+00,1.819137626600564772e+00,1.802121754945626320e+00,1.810454534320918407e+00,1.799735338353207537e+00,1.799562662770284538e+00,1.810187340041500947e+00,1.820754786794872793e+00,1.822006348742006399e+00,1.832278777444502627e+00,1.835685583619949712e+00,1.818476828934671108e+00,1.824439329746010641e+00,1.832662429995215447e+00,1.824431698467484875e+00,1.831664808701996439e+00,1.839643570032742259e+00,1.849381898572127092e+00,1.849455487948266752e+00,1.833355991590003287e+00,1.838892443285167211e+00,1.832481649606762630e+00,1.796872010988330937e+00
1.975996272720037084e+00,1.816893006869019889e+00,1.805847311524402476e+00,1.840567704000312110e+00,1.831405001725365356e+00,1.739004597984140865e+00,1.749410949106054769e+00,1.775088337083098988e+00,1.798694909540987874e+00,1.827065258633872036e+00,1.845502166649083620e+00,1.874517068052250268e+00,1.870954900497121098e+00,1.798922701994770446e+00,1.676991390636655144e+00,1.689947945712155342e+00,1.675060252143606210e+00,1.679160534925128179e+00,1.624586513647251262e+00,1.569606927502393834e+00,1.520758450717799359e+00,1.445304590674173273e+00,1.429207080733052138e+00,1.428771760200567842e+00,1.419312099262373783e+00,1.438906064403530527e+00,1.457177715879040214e+00,1.476283883785750373e+00,1.494843365611163488e+00,1.590401585201052681e+00,1.608622635550564839e+00,1.543059876951441201e+00,1.543401988262453894e+00,1.548187214474313844e+00,1.564618566751067696e+00,1.534779375314695438e+00,1.547004896069385627e+00,1.535650003773888272e+00,1.551479204497823172e+00,1.567616081581342691e+00,1.565216524069130255e+00,1.534454313449390428e+00,1.544613885368246953e+00,1.524565125527121312e+00,1.505197293896946231e+00,1.488515210210592965e+00,1.484283808463269239e+00,1.491920264854645906e+00,1.508997930020311795e+00,1.538471423450279429e+00,1.461970353118395183e+00,1.325184802320120481e+00,1.268028993190097431e+00,1.211483854184091102e+00,1.203108825243832225e+00,1.140078954676999823e+00,1.115022735306483215e+00,1.109484654612273857e+00,1.120767784601610861e+00,1.094960087630312051e+00,1.085418096124532328e+00,1.095087589635784564e+00,1.106075452918892754e+00,1.093955031268118105e+00,1.104637764201887196e+00,1.114760496187030547e+00,1.112836875155005290e+00,1.074718714124582863e+00,1.033399305252021616e+00,1.018739641237600413e+00,1.025261912268107034e+00,1.029696140573795660e+00,1.039438075722938670e+00,1.049047648195160276e+00,1.057254676300656948e+00,1.045290908675220232e+00,1.047072535049353492e+00,1.054364866851825733e+00,1.033423781463573610e+00,1.033374062627968160e+00,9.924024074719914879e-01,9.991614302713669460e-01,1.000900385545496096e+00,9.610246370527428805e-01,9.633528969818502263e-01,9.313015626992380280e-01,9.361955096245199170e-01,9.443281557336065113e-01,9.296159478158829703e-01,9.273565481042260750e-01,9.347264608596228541e-01,9.240125825583127561e-01,9.322547816243935692e-01,9.392326626160762970e-01,9.382500461525098423e-01,9.457308132328500205e-01,9.310915890332639444e-01,9.387286949994024798e-01,9.344084207440550571e-01
3.797321725149214622e+00,3.544301110307290337e+00,3.464894406004876082e+00,3.412762056364325947e+00,3.287655469195099656e+00,3.341350056079972930e+00,3.380393528915179413e+00,3.377760867456728988e+00,3.420157171237866223e+00,3.433586240721600014e+00,3.478839458220214453e+00,3.453059381104810921e+00,3.367595782107032587e+00,3.411427567938454697e+00,3.412492012404700237e+00,3.433834801279422866e+00,3.467289509278880022e+00,3.401833005431541768e+00,3.279233598503902058e+00,3.188489620545766901e+00,3.078602868993603359e+00,3.107897084400691678e+00,3.022069649306476702e+00,2.997642797677120718e+00,2.922389455723704454e+00,2.940846191537517029e+00,2.941738242719789120e+00,2.945615576349326581e+00,2.941917238837141735e+00,2.886860338931707570e+00,2.882982202457273324e+00,2.907241017962884477e+00,2.911091442550942432e+00,2.930231884332429981e+00,2.924106256629318334e+00,2.884381270834937894e+00,2.791806103615157575e+00,2.725445112311797757e+00,2.598083567090415880e+00,2.460223135885307499e+00,2.405356845232379026e+00,2.357674501644178910e+00,2.357742450136726120e+00,2.346798300134818938e+00,2.349452465271571366e+00,2.348104738071595587e+00,2.329393011716133444e+00,2.347637243177503219e+00,2.389419931202454883e+00,2.455243492985562881e+00,2.535485657611002086e+00,2.598129848082915583e+00,2.674987865460105141e+00,2.797846672339842300e+00,2.814272312272344756e+00,2.932514247990662959e+00,2.889692502846460176e+00,2.810859682836518658e+00,2.784724727370415653e+00,2.753881959839203031e+00,2.704742857950475532e+00,2.637529879878781625e+00,2.546162396170851938e+00,2.558099365192786134e+00,2.551488487788082349e+00,2.454583499104679767e+00,2.415244672539873960e+00,2.397827681385487075e+00,2.392473198417545799e+00,2.369745906241639055e+00,2.321436181705963886e+00,2.291674617319722884e+00,2.236617994898611350e+00,2.176338985767216627e+00,2.124181469560187718e+00,2.111346241380889222e+00,2.101953701211582537e+00,2.081127591277893707e+00,2.086545157556450647e+00,2.088304526271005379e+00,2.100092147030664602e+00,2.091386279760570233e+00,2.051031474493847817e+00,2.062002633249569339e+00,2.061411672263839812e+00,2.061862582921691001e+00,2.072875662953099329e+00,2.081823422851655003e+00,2.090817114853387171e+00,2.080311603550986099e+00,2.088296017513021852e+00,2.061450150375438106e+00,2.062040427375452900e+00,2.044945267843758074e+00,1.993386416312463938e+00,1.973343609336850157e+00,1.977016586132865683e+00,1.954421866250150686e+00,1.895297506549058486e+00
5.075103226213934171e+00,4.815356554737753036e+00,4.493131486742572456e+00,4.490072652492311356e+00,4.543474801268700958e+00,4.612641108314384120e+00,4.661719508526131150e+00,4.666690434875035542e+00,4.626291459290854391e+00,4.665900259065325351e+00,4.727549428108292595e+00,4.718102145104634992e+00,4.757141093397065923e+00,4.811058888437741210e+00,4.729592801032899807e+00,4.767609855195694024e+00,4.636863524163590711e+00,4.438980542811552965e+00,4.357287474962296514e+00,4.153363377279281288e+00,3.978946304925136346e+00,3.882003321830490794e+00,3.759984365429918540e+00,3.688934370467793933e+00,3.603104545782223056e+00,3.441344703202914967e+00,3.279379127881854039e+00,3.140465341684387290e+00,3.012827703614980202e+00,2.902448359259488075e+00,2.783512888209595637e+00,2.805840461709650402e+00,2.805394132011423736e+00,2.787282295087000872e+00,2.803859031256459300e+00,2.818158520538396772e+00,2.842737257047490029e+00,2.847559927768908317e+00,2.870583888254312210e+00,2.891836859364905532e+00,2.894838724435817134e+00,2.858024954776058557e+00,2.772767655713102908e+00,2.672111013014240921e+00,2.578668326906451203e+00,2.504848326023526361e+00,2.458468709907865701e+00,2.372227242328689201e+00,2.255420911923577520e+00,2.210343303148785576e+00,2.172343450456829306e+00,2.238111830888350973e+00,2.289721685913602922e+00,2.285410098569454096e+00,2.276572405980766156e+00,2.231171567809846046e+00,2.232947901781225930e+00,2.210356144788786725e+00,2.143596602053911226e+00,2.127553255532980803e+00,2.101844261502665567e+00,2.112902222210565562e+00,2.119034705802941509e+00,2.111451075284576095e+00,2.123622611357340872e+00,2.127597235843232681e+00,2.104556092566298275e+00,2.117212278384379864e+00,2.130538879125718488e+00,2.124985848131637045e+00,2.132373868487103419e+00,2.137363432750857939e+00,2.148264812476710084e+00,2.160196516940933620e+00,2.172943194020208413e+00,2.181587277375279577e+00,2.187327011707321134e+00,2.199818119636660185e+00,2.203351718512299939e+00,2.198587254825428605e+00,2.209511000253391089e+00,2.159323943061589368e+00,2.148474988585555856e+00,2.147898728856310502e+00,2.121657024958801152e+00,2.100069738603187908e+00,2.041315822023624271e+00,2.005980253114056477e+00,2.003004049366681638e+00,1.993654307782614765e+00,1.952641306354921280e+00,1.934630998647959732e+00,1.879829732560306166e+00,1.835579908096354851e+00,1.827515223885036511e+00,1.824688937173865044e+00,1.833953594332995873e+00,1.807795941098804038e+00,1.808986738235933922e+00
4.115027616907713792e+00,3.881330684118221352e+00,3.565849815752217822e+00,3.321549762227104186e+00,3.235989453081772549e+00,3.203862725836505998e+00,3.105013188337046870e+00,3.130693824752755816e+00,3.177904680500811985e+00,3.196620270550497356e+00,3.168200953260134956e+00,3.012041499613323570e+00,2.966900795976261662e+00,2.967125128165536196e+00,2.899333974190969609e+00,2.857508017493221697e+00,2.725757982514708022e+00,2.502608797277408037e+00,2.415291936113528326e+00,2.414381338658026177e+00,2.375782468971165073e+00,2.400929048047469205e+00,2.390863984786419483e+00,2.414433966223180406e+00,2.390789107956972970e+00,2.366314905703033045e+00,2.289304651025039217e+00,2.248469816164959223e+00,2.186562418403493968e+00,2.217755308241336376e+00,2.296547913526630680e+00,2.293374530674789913e+00,2.244928649547249133e+00,2.266738820522445241e+00,2.274495062684512181e+00,2.285525562200342087e+00,2.306318979892064469e+00,2.281226177174398018e+00,2.293400382012980909e+00,2.293660154954527020e+00,2.255613463354792625e+00,2.216868708718521042e+00,2.120684657496721304e+00,2.115085902231247150e+00,2.095632778607237068e+00,2.085599660794244858e+00,2.100700694176530270e+00,2.105998027193158872e+00,2.129803892420984557e+00,2.161451287566333423e+00,2.217581675257564999e+00,2.339851061704921076e+00,2.371455972926212574e+00,2.356827181179943498e+00,2.356961316168480813e+00,2.276558943990509842e+00,2.258594163917461817e+00,2.227432259857147656e+00,2.148660709721196049e+00,2.158248759825450058e+00,2.143486684370274453e+00,2.156516591636592040e+00,2.166366858948914675e+00,2.178636975976107504e+00,2.173321333576162750e+00,2.172587890172872793e+00,2.141468834896629314e+00,2.150807335175469071e+00,2.164221030001093116e+00,2.171285471070304229e+00,2.183226485798823724e+00,2.189171591435665309e+00,2.202197436466089453e+00,2.210048957736391539e+00,2.205262313822120568e+00,2.194088712149013354e+00,2.161375536944690534e+00,2.158772867333965895e+00,2.170381476644426488e+00,2.147461412898698629e+00,2.151503623883912475e+00,2.149118352780237995e+00,2.160310500850256332e+00,2.171752728532903021e+00,2.172521073190657681e+00,2.179775018699004807e+00,2.168761916521314781e+00,2.177847568860573624e+00,2.187496423559697423e+00,2.198637451960885336e+00,2.204063444444824160e+00,2.208388197905092110e+00,2.192405571001029951e+00,2.168657236948226874e+00,2.170395935213792260e+00,2.180919758403162767e+00,2.182660627283786958e+00,2.125623718293994102e+00,2.108105455229258851e+00
2.046484804833644144e+00,1.955826344688686547e+00,1.973037757064161513e+00,1.948678782763646256e+00,1.829885706094479092e+00,1.863166073127182631e+00,1.882120737343274230e+00,1.907750581306081106e+00,1.934861974443186305e+00,1.890895649730630401e+00,1.912789079020127625e+00,1.910290139850933544e+00,1.837231999754957101e+00,1.865649701286967055e+00,1.887079917917515060e+00,1.887268467811348938e+00,1.910814619088571531e+00,1.918242910148910019e+00,1.873766778606803296e+00,1.878721352820035717e+00,1.868975871606730621e+00,1.888214211944675425e+00,1.882876194414780491e+00,1.898404278951971502e+00,1.890606693446517994e+00,1.909063673079142376e+00,1.931254586038250620e+00,1.953216455174028754e+00,1.973742645089077818e+00,1.957030327421304783e+00,1.943760085269843119e+00,1.963251970251795875e+00,1.959691835897638734e+00,1.979602277186986559e+00,1.986816456428063704e+00,1.975572747739340551e+00,1.912215238424800123e+00,1.885702867835157948e+00,1.798888917016635114e+00,1.705628177927009936e+00,1.686339638728594270e+00,1.676094137332689415e+00,1.691350956558444807e+00,1.644303410939254029e+00,1.618079309103161334e+00,1.590315650473211440e+00,1.543552202122791650e+00,1.547247747571065757e+00,1.537553719908919758e+00,1.537547730817146352e+00,1.548514806915890496e+00,1.577498013477711236e+00,1.610688171113348055e+00,1.698137782982392929e+00,1.704977012153598981e+00,1.779276473110048551e+00,1.756515215793884144e+00,1.709636928302856518e+00,1.707989664255367135e+00,1.703133551804372203e+00,1.686765985050435512e+00,1.644911161944430544e+00,1.584728408811161282e+00,1.596709170242135434e+00,1.597729098785958035e+00,1.532109199752683670e+00,1.519889088481011674e+00,1.511388527784287339e+00,1.510893210798679220e+00,1.507731956504407167e+00,1.460651389977604131e+00,1.429523809426671344e+00,1.393759775981130433e+00,1.335740847393894093e+00,1.283303573370055073e+00,1.277286299782984136e+00,1.273021973632423309e+00,1.261583003388883073e+00,1.270754513560244270e+00,1.267094072323504239e+00,1.276456157742259956e+00,1.284130565563564419e+00,1.269483117031555697e+00,1.276765167593635786e+00,1.261420507618995268e+00,1.268454661130115069e+00,1.272234802849496305e+00,1.267635611837473641e+00,1.276407864884770316e+00,1.277955312196873860e+00,1.285662236706724304e+00,1.277255286101448117e+00,1.285546468747857274e+00,1.287216341667491326e+00,1.259481647855480668e+00,1.229889800344349915e+00,1.232175107457502916e+00,1.225849650211263686e+00,1.182085885052364560e+00
4.897182870833938217e+00,4.421022553520823628e+00,4.180900976478285180e+00,4.096928126287683547e+00,3.943887829208764906e+00,3.932453121890838066e+00,3.976797569655533326e+00,4.008951089727109007e+00,4.065965816821638157e+00,4.097846580575739139e+00,4.152853806806013459e+00,4.109749959812040387e+00,4.008780978834060704e+00,4.014050191432769310e+00,3.865937839482328719e+00,3.909849276177344901e+00,3.861385265693456859e+00,3.704716851078392104e+00,3.481872400911827814e+00,3.300682424291265349e+00,3.085954437515775695e+00,3.045978071142942056e+00,2.901160782240068681e+00,2.850074954045548115e+00,2.713180539532126900e+00,2.705415564286218988e+00,2.660571801188361452e+00,2.636835055841916020e+00,2.598654370209608544e+00,2.588421676284430095e+00,2.608500432421319903e+00,2.596810395503560631e+00,2.616448494061043739e+00,2.640714159962190610e+00,2.651736530891865229e+00,2.669837598089936481e+00,2.662989298100489233e+00,2.659116202767616066e+00,2.615947318568082824e+00,2.555835531519112802e+00,2.549517013222524664e+00,2.421790167382443570e+00,2.372356579141523980e+00,2.383367893956201744e+00,2.386616236115461032e+00,2.395565676945796696e+00,2.414393630448501415e+00,2.420054211740795491e+00,2.418303257174408749e+00,2.543187977561006008e+00,2.602982949161845028e+00,2.615816884379545293e+00,2.656056781030101899e+00,2.666948844925998596e+00,2.597029172780761730e+00,2.571221822340261642e+00,2.572333786121203225e+00,2.464610465243821213e+00,2.420786402415716410e+00,2.430123532046076562e+00,2.419867012977889864e+00,2.408509401232111102e+00,2.365769884781750321e+00,2.379625508582963622e+00,2.391472540790107626e+00,2.333128853150440829e+00,2.319764840741730172e+00,2.333862921524152423e+00,2.347475391344232776e+00,2.355960272816572498e+00,2.358804697427292041e+00,2.369555567673247154e+00,2.359409808977381839e+00,2.342912681736570857e+00,2.312504448584487449e+00,2.321105109145312539e+00,2.322135350275289056e+00,2.332773994004540441e+00,2.344086386122187005e+00,2.353741896795352950e+00,2.346872663477447940e+00,2.345416421128124984e+00,2.318278424233145785e+00,2.317007333800353397e+00,2.328537351162084601e+00,2.301285882753507206e+00,2.302101602540111536e+00,2.313584746610584997e+00,2.314979883741159927e+00,2.304566953688182540e+00,2.312569331729792843e+00,2.274347863010778958e+00,2.268057821663759910e+00,2.254631997752281514e+00,2.210333173243951510e+00,2.214329833531698544e+00,2.225008461134995841e+00,2.199518590662715489e+00,2.138852107248189416e+00
3.980662820234676325e+00,4.029316239708533587e+00,4.099514597075955002e+00,4.105186515732961006e+00,4.160306707736414644e+00,4.104570457173845277e+00,3.988398688431173067e+00,3.685908568504112193e+00,3.547124177081930174e+00,3.514780602316381231e+00,3.419706560342604007e+00,3.449124231190350720e+00,3.495313349815031501e+00,3.494220128092247801e+00,3.530212011046961251e+00,3.474524811813088476e+00,3.516877664231622180e+00,3.544544663228467840e+00,3.541803426975659974e+00,3.296213573441822753e+00,3.166089676151825572e+00,3.073354937454273017e+00,2.945831637041357531e+00,2.789677214853647058e+00,2.733058390475808785e+00,2.693679791032408399e+00,2.695040739484882319e+00,2.679234239799454187e+00,2.683467690156152941e+00,2.557648069321266870e+00,2.616340304367054781e+00,2.593683197965674037e+00,2.519716894171186716e+00,2.457800896524980683e+00,2.329669581987582561e+00,2.321869381954157152e+00,2.268292712170898007e+00,2.283662358798583369e+00,2.272390135395546906e+00,2.276761957621554977e+00,2.296486588253032313e+00,2.310681011515799632e+00,2.328709707528328288e+00,2.347420253652857003e+00,2.366207306822677658e+00,2.384510862912212481e+00,2.400249953593275976e+00,2.392421725142494626e+00,2.398352266782759479e+00,2.396372821525559083e+00,2.536949158285692008e+00,2.550538483053193417e+00,2.531507858408170719e+00,2.532331637354683807e+00,2.543009546315772695e+00,2.623597249425410283e+00,2.639401316430401323e+00,2.649587482809872441e+00,2.667004342725416421e+00,2.635988495418120081e+00,2.635478959598472670e+00,2.564922066513335430e+00,2.539467048436882202e+00,2.494867692144361104e+00,2.402596887265671111e+00,2.396842060347480263e+00,2.409584265973955919e+00,2.419292662112551451e+00,2.423556268917359535e+00,2.414861629434771118e+00,2.407696436701967535e+00,2.391506323580168569e+00,2.355409912372242509e+00,2.367318263004523082e+00,2.379601672780720989e+00,2.390958784858595365e+00,2.390080040239984882e+00,2.319868124495743089e+00,2.296552309306738149e+00,2.265609424956724460e+00,2.265429384335328589e+00,2.251158721830791354e+00,2.203714744759946775e+00,2.213029395307581471e+00,2.223370388150499810e+00,2.219070312522594346e+00,2.229502271230112243e+00,2.230984451002833158e+00,2.209259022634070480e+00,2.167645584715008233e+00,2.160154077059348143e+00,2.149418665289653418e+00,2.157086959304262752e+00,2.165604903517326818e+00,2.159300460718528214e+00,2.169876997550705955e+00,2.172514475759526498e+00,2.174311103334227724e+00,2.184674153812656172e+00
2.102673316187643415e+00,2.146126452323949607e+00,2.161868968415321834e+00,2.043866841386695832e+00,2.043098396415798490e+00,2.079839300016731674e+00,2.084087089815968241e+00,2.010638522197201183e+00,2.024036240956933685e+00,1.994267091576653161e+00,1.876967390038264849e+00,1.821052434722534752e+00,1.836999296229776535e+00,1.860012567299665243e+00,1.863750432959567105e+00,1.882035692712067831e+00,1.908989120560464992e+00,1.925735415817814156e+00,1.949283563008103126e+00,1.892491400568071303e+00,1.886893113885594886e+00,1.781186239321648657e+00,1.783575990892160901e+00,1.764497287984095664e+00,1.781776513827270980e+00,1.801852767846335857e+00,1.821758690871685404e+00,1.842744513076646884e+00,1.860911591438757728e+00,1.877927117293835435e+00,1.864982916365412580e+00,1.878500186955009310e+00,1.895702583061349866e+00,1.914606465961208093e+00,1.911922739257525539e+00,1.890764460864749363e+00,1.905146298289372764e+00,1.858967830095640261e+00,1.863189682389864155e+00,1.860930984622194861e+00,1.814172659977282276e+00,1.830395449884697490e+00,1.838302229052812375e+00,1.822846173958507565e+00,1.822065531638970670e+00,1.820714899688898214e+00,1.801121860179651923e+00,1.804293300561664370e+00,1.844799817684651400e+00,1.818519225361893810e+00,1.759270290808762294e+00,1.726845115820957899e+00,1.641307013210611343e+00,1.536347386843032403e+00,1.519278260984284312e+00,1.524106506918358361e+00,1.465594234017525199e+00,1.472932248418460377e+00,1.449333089168715283e+00,1.445310905038464933e+00,1.422878359900718870e+00,1.434585611186629306e+00,1.442985444410617157e+00,1.454292533039345692e+00,1.447650719424348420e+00,1.450483147589525457e+00,1.419275766244729953e+00,1.388090668158834307e+00,1.373094723228933223e+00,1.367769779134301533e+00,1.374203595324254623e+00,1.383947095761156598e+00,1.394368526032175648e+00,1.389325657480527942e+00,1.379998348084965132e+00,1.336946365708700624e+00,1.286925128848222410e+00,1.290219743501307637e+00,1.298201719585348801e+00,1.305082228739814498e+00,1.310217078712611505e+00,1.318423171041136044e+00,1.321266512365042223e+00,1.299788677445094409e+00,1.306002166274008225e+00,1.296617648549907686e+00,1.305302290639924090e+00,1.308187341331144671e+00,1.282091829570285224e+00,1.274406373545453164e+00,1.282923313825915068e+00,1.287949744480485492e+00,1.293621453718927672e+00,1.288485479617452301e+00,1.296862431981960606e+00,1.295753888054795855e+00,1.262683827096301670e+00,1.227667130659445327e+00,1.227651152404698465e+00
5.083207633955652227e+00,4.943403214430706072e+00,4.930647795119660337e+00,5.005609516873488651e+00,5.085267627029630866e+00,5.041629746308263549e+00,5.073256840550546265e+00,5.109825316622003122e+00,5.176904536339681506e+00,5.216036819841513683e+00,5.219959259246099492e+00,5.287436321649728654e+00,5.351999147580304594e+00,5.286663744952021737e+00,5.107674653623973882e+00,5.124905181401626209e+00,5.057038253878984868e+00,5.073596598753164599e+00,5.058380660988111899e+00,4.940178948676758885e+00,4.875151916308317013e+00,4.653543667531597094e+00,4.640066074172569444e+00,4.632021983997208991e+00,4.641686485230678727e+00,4.658036005484682995e+00,4.683664351952930183e+00,4.716207463671055145e+00,4.751949838460439501e+00,4.880524433400323048e+00,4.866971973168547017e+00,4.798054100617166640e+00,4.785423530773980971e+00,4.823755619867950983e+00,4.863048265743694643e+00,4.801325906630018459e+00,4.790547781739235234e+00,4.743956324787673928e+00,4.742640318839233871e+00,4.746663960577408581e+00,4.723310637829227332e+00,4.717413100083212463e+00,4.738934330616341839e+00,4.592071738798423119e+00,4.473378617121348100e+00,4.362885401608573410e+00,4.264770750431525315e+00,4.239719162043642520e+00,4.204966885995722770e+00,4.130306846930417386e+00,3.866268435536794446e+00,3.617024779906700349e+00,3.468813147561657040e+00,3.343986430403448118e+00,3.337317139980461977e+00,3.282397195467226414e+00,3.188427172860953007e+00,3.208200891597898341e+00,3.225349192385062125e+00,3.180043998919074077e+00,3.144122727908756687e+00,3.140507445842687595e+00,3.140672714605853066e+00,3.148237168639975270e+00,3.166544457626993214e+00,3.169655446371347107e+00,3.148870748464518865e+00,3.048622214833165422e+00,2.958514635349981159e+00,2.926817458188582854e+00,2.890652727813411538e+00,2.858867433088925214e+00,2.861508465987639749e+00,2.840146911913388639e+00,2.839240649242499970e+00,2.786431572557962699e+00,2.763989864010416131e+00,2.768307087817948542e+00,2.751426674711184628e+00,2.731648911153139903e+00,2.679304474845949802e+00,2.693147268754190637e+00,2.702051648167369979e+00,2.606552674304805084e+00,2.562915590769982987e+00,2.499560184433275101e+00,2.478069165905742999e+00,2.461899167027489010e+00,2.414142814545090054e+00,2.407103869325486034e+00,2.416393506333193830e+00,2.409301021803230913e+00,2.418351653524062339e+00,2.427466689281724044e+00,2.438045807227468664e+00,2.413685919193475193e+00,2.355480512163284690e+00,2.358699438768943057e+00,2.369664943027451454e+00
2.678188138931143047e+00,2.610538151864745249e+00,2.454272217081632235e+00,2.218035567223339388e+00,2.148863053914549237e+00,2.164336883608379392e+00,2.118883866904305080e+00,2.103871412357002146e+00,2.136326915008425420e+00,2.120695380720689638e+00,2.028152295398571781e+00,1.872415250461365144e+00,1.838779836224728070e+00,1.864516100859555214e+00,1.880598586992627830e+00,1.871906853379501134e+00,1.843387889848447037e+00,1.733559908513158776e+00,1.722879073705938291e+00,1.746025458574707923e+00,1.763902128710370887e+00,1.761212755666594409e+00,1.780556956380459743e+00,1.800646529125376372e+00,1.810796714820864572e+00,1.818506826789807240e+00,1.795250261594523611e+00,1.789014625967625616e+00,1.768631704289407303e+00,1.787894369906555925e+00,1.809658666129717819e+00,1.829144464363510636e+00,1.828023665316076851e+00,1.847220118629542940e+00,1.851619585546044888e+00,1.832228273511757877e+00,1.847148979262678736e+00,1.785587113476667875e+00,1.783025347225305701e+00,1.767789593907877155e+00,1.698004868002517487e+00,1.699206660922145451e+00,1.657302491554124568e+00,1.671847462387973993e+00,1.687210465837605256e+00,1.702644862810424486e+00,1.709138103940321063e+00,1.724264430068423337e+00,1.791578800209092215e+00,1.797506548818484040e+00,1.809649100035744196e+00,1.882984742249706356e+00,1.870295183465201294e+00,1.833780145535679695e+00,1.844778834644795307e+00,1.829397042094669246e+00,1.778852463755021152e+00,1.764477658386498282e+00,1.704091588622458353e+00,1.699505690366210464e+00,1.667464928903511501e+00,1.680067493880719409e+00,1.684222837245416660e+00,1.696458818611018327e+00,1.693977445870916698e+00,1.688037616445998701e+00,1.643278020996072897e+00,1.629208777636083960e+00,1.629289068917864958e+00,1.623778658357785343e+00,1.634067258794921651e+00,1.645136124192085658e+00,1.656012413470053346e+00,1.653481644299909625e+00,1.641269711549381949e+00,1.606903493451153908e+00,1.556774287258976930e+00,1.559829043546403060e+00,1.569496414811497154e+00,1.566793477588628747e+00,1.576905432049175992e+00,1.576861622462006896e+00,1.586761389677197043e+00,1.589583588795187241e+00,1.598902251596990620e+00,1.607928577000984127e+00,1.611949443550421357e+00,1.621488932070629163e+00,1.619089921114112096e+00,1.625582098838628031e+00,1.632816986368307743e+00,1.641447708243956694e+00,1.635276183847283349e+00,1.615167681000595934e+00,1.619762036984369491e+00,1.625023052237385413e+00,1.609555741422122432e+00,1.555490575624241201e+00,1.543369011391955592e+00
8.818348364525112615e-01,9.099763730805370265e-01,8.457683073939108453e-01,7.433107841404064109e-01,7.693032497840963657e-01,7.864241902934501205e-01,7.920451613806931412e-01,7.992408266162575048e-01,8.132604107459099341e-01,8.384383598270422899e-01,7.924581126746401694e-01,7.277284058722377491e-01,7.515446620901976571e-01,7.545767458075970380e-01,7.717020517069178576e-01,7.829848188178935020e-01,7.846331447821092153e-01,7.458545826218948571e-01,7.676101689492348390e-01,7.828735332694531923e-01,8.031470497289080468e-01,7.941666270328856525e-01,8.139688240495701610e-01,8.313526110593383311e-01,8.495308650761119740e-01,8.392675536795290991e-01,8.176520196424138520e-01,8.029449903763425933e-01,7.853495370082805849e-01,8.141894550877439851e-01,8.022199868141043355e-01,8.000159812059101094e-01,8.123547166783998685e-01,8.167598150969713755e-01,8.251214308282881493e-01,7.855210688179813383e-01,8.000658537651783586e-01,7.443435940051542632e-01,7.559414207812958919e-01,7.649398180497922750e-01,7.101196455689432474e-01,7.244613532882305806e-01,7.108043802377722598e-01,7.246098875108134552e-01,7.388067227215611155e-01,7.525050278064254750e-01,7.634279682028236591e-01,7.761391835690376606e-01,8.432824842750225036e-01,8.548388446587537048e-01,8.305461345991201894e-01,8.161156859844616029e-01,7.884793070531452841e-01,7.478840453997203097e-01,7.769625072376872277e-01,7.743271734444403531e-01,7.250085912444538261e-01,7.354891833139080015e-01,7.028049140418195506e-01,6.763405490958904753e-01,6.383131924793665757e-01,6.503927061648392405e-01,6.609171275258866052e-01,6.625501441478017783e-01,6.677968496856612202e-01,6.763011997003469666e-01,6.367963364121399517e-01,6.047854768833443861e-01,5.840594220141293036e-01,5.620289941265543820e-01,5.736580173290449780e-01,5.848261092608409983e-01,5.960133922491398506e-01,6.052002252894286283e-01,6.139720987998389390e-01,5.784723748730294934e-01,5.433789941792722678e-01,5.519373436630647944e-01,5.456110259195834367e-01,5.521208524731994194e-01,5.497207033054950509e-01,5.404078890992993767e-01,5.492717659610459879e-01,5.377130568872914296e-01,5.470259887428976509e-01,5.483464307403919102e-01,5.517051683078519897e-01,5.600727015404183273e-01,5.527378181051957329e-01,5.570380365464038253e-01,5.572592050269052910e-01,5.654726773613255597e-01,5.579324654320029220e-01,5.387651208410042525e-01,5.483463449698238179e-01,5.577406498781698474e-01,5.369722858320554737e-01,5.049673793596461957e-01,5.139460965299073036e-01
3.623440811923514637e+00,3.645516398819287129e+00,3.706572168889804786e+00,3.670857389530312265e+00,3.569039564681596222e+00,3.622250675584304247e+00,3.648008424454145526e+00,3.703280880640818840e+00,3.742694035710409040e+00,3.665772588185390646e+00,3.669528680383240538e+00,3.673117814452338870e+00,3.627753725995346290e+00,3.656221666027468675e+00,3.692429993930779197e+00,3.687824539233101273e+00,3.699471190572062085e+00,3.737996523612230781e+00,3.754032602657346729e+00,3.795631583135084419e+00,3.835183742750545299e+00,3.805725686671649566e+00,3.841079648675293168e+00,3.880903401473405623e+00,3.910407059997691892e+00,3.934136785103763856e+00,3.971078305336853020e+00,4.008030555918915994e+00,4.045761416472056560e+00,4.060164452250787370e+00,4.019515398584405652e+00,4.036242970875117742e+00,4.025317081877172853e+00,4.060130429539158037e+00,4.087682868090588784e+00,4.043666467754081673e+00,3.955286730673106099e+00,3.890189120339886397e+00,3.777108300058090951e+00,3.660067305485514400e+00,3.612813420214886495e+00,3.633748964080512511e+00,3.661471962239968292e+00,3.536881288042726723e+00,3.453743253316914785e+00,3.370130531826120102e+00,3.258237944339546388e+00,3.246641989663541672e+00,3.219153994238052263e+00,3.136675543497071228e+00,3.036550372436460421e+00,3.039861453099640176e+00,3.048985720415801737e+00,3.160293095474520086e+00,3.203326326632178755e+00,3.310808449025153699e+00,3.237703209053940157e+00,3.198098010621919229e+00,3.195579593872897473e+00,3.170213307057696550e+00,3.127068951902104654e+00,3.070150398331782160e+00,2.990596967314276711e+00,3.008499618653528440e+00,3.017006271254073280e+00,2.931968300448699605e+00,2.898312981715017944e+00,2.849544180096132973e+00,2.819916020816258584e+00,2.799656090331568592e+00,2.716194537235376849e+00,2.657272321866097187e+00,2.610083331652854888e+00,2.514872860713802449e+00,2.437354600870886401e+00,2.400575593307447075e+00,2.374485729628603270e+00,2.359215911698923751e+00,2.366745259119153122e+00,2.351674584708964399e+00,2.358986458389268570e+00,2.369831624063186037e+00,2.366599460434023694e+00,2.354096769144219614e+00,2.310591477420242956e+00,2.320206565987068092e+00,2.314839393576039850e+00,2.294952029632748136e+00,2.299099779970072532e+00,2.309586677457057036e+00,2.318549089779917249e+00,2.322434257063285656e+00,2.333845549380628270e+00,2.334008091264891060e+00,2.311480266098745240e+00,2.253299380270580077e+00,2.234331671183505730e+00,2.217620798228741918e+00,2.169543954595226420e+00
3.567591160871775191e+00,3.446303007208081137e+00,3.246341774078411291e+00,3.266558069353440175e+00,3.319922396099149076e+00,3.334629102594796723e+00,3.297934049409468216e+00,3.344203147216403327e+00,3.362061685146846113e+00,3.384363566305339521e+00,3.431271076618582772e+00,3.446711612918144318e+00,3.490495479196726425e+00,3.496783009775253248e+00,3.412946714606970300e+00,3.383687288755850009e+00,3.240496617965034520e+00,3.144402378122222785e+00,3.132261507206127504e+00,3.070298814249665664e+00,3.023307926898044951e+00,2.943683955434812205e+00,2.929178397926683441e+00,2.930381124355875500e+00,2.927136817912391997e+00,2.858851896282717409e+00,2.795412505667798531e+00,2.754410691519947552e+00,2.720399840409160941e+00,2.727646075580896667e+00,2.716203942042273223e+00,2.707184707956251657e+00,2.653678596291618952e+00,2.674472574281855586e+00,2.696641593326167374e+00,2.710374172860077646e+00,2.694828929112612848e+00,2.714926938006209767e+00,2.714219561101850697e+00,2.720928628639128544e+00,2.743105459507300559e+00,2.741385022924411441e+00,2.703900294774092661e+00,2.566979516420242469e+00,2.441963734494302596e+00,2.329093113692719541e+00,2.244451280364262225e+00,2.189961908288030390e+00,2.063691371329491098e+00,1.969314874849349861e+00,1.853978112216951413e+00,1.833939251564806971e+00,1.824142395158952823e+00,1.814758025321400625e+00,1.808569846968993922e+00,1.739951515878933597e+00,1.747167788590635817e+00,1.758815182140295974e+00,1.749166335754957391e+00,1.759981573426379731e+00,1.772911319349677051e+00,1.761618440796329343e+00,1.761506005942603537e+00,1.774085029078911191e+00,1.777239402405337954e+00,1.782137350618727911e+00,1.793974458172412856e+00,1.789397265338281473e+00,1.782718759993224378e+00,1.793389162467764253e+00,1.756067837445785651e+00,1.716305170243407119e+00,1.713001184682741540e+00,1.699196907804060297e+00,1.700645186542523613e+00,1.709841148127876131e+00,1.720672511344614630e+00,1.711827839483865521e+00,1.721538571536063156e+00,1.679837768946422560e+00,1.676341276964998350e+00,1.671219556172160337e+00,1.681147507360055693e+00,1.665601511347464703e+00,1.610320699029579528e+00,1.596518403745808223e+00,1.543240197250515422e+00,1.509930970131109440e+00,1.510099212043267025e+00,1.516940918188313114e+00,1.503608911484026978e+00,1.506850713193157665e+00,1.484661811794090402e+00,1.480186175418875871e+00,1.488876719504558466e+00,1.463920973664388114e+00,1.466901198886050750e+00,1.464947980758822599e+00,1.473393345291045708e+00
1.252630622368813285e+00,1.186152650503269790e+00,1.214732352158827355e+00,1.237735625488808111e+00,1.183227112733834518e+00,1.034519457315747681e+00,1.034501793594872154e+00,1.049564465393385992e+00,9.755360479272862095e-01,9.342850685875804251e-01,9.593262964925233227e-01,9.829283081060613547e-01,9.480083353634037868e-01,8.378011681833973379e-01,7.717269284927693596e-01,7.844507626184926696e-01,8.047042028406299341e-01,8.265680360497513757e-01,8.020888019979049988e-01,8.212746838920086390e-01,8.342306139501639572e-01,8.465378085660567598e-01,8.653697890318203800e-01,8.837818550555639474e-01,8.997279088041837403e-01,8.791238161605721135e-01,8.811522928550248324e-01,8.755564898834831133e-01,8.806556730552798085e-01,9.572462029162285280e-01,9.418071438567879872e-01,8.637676458099116106e-01,8.689977365027380385e-01,8.296953132151321242e-01,8.444748182671145686e-01,8.084022072659011737e-01,8.231596414190217592e-01,8.143198698259888069e-01,8.279211746574673958e-01,8.389722552940046540e-01,8.387784779626124010e-01,8.162744564079890131e-01,8.304827584921481431e-01,8.441575938103781374e-01,8.561920852240542112e-01,8.679323119991113611e-01,8.811130159329971789e-01,8.904752706035711229e-01,9.189572077342629264e-01,9.533514676355031581e-01,9.278088359630635162e-01,8.472553868031478252e-01,8.439029991829815058e-01,8.730332945217716967e-01,9.101181492625882719e-01,8.701660986660744168e-01,8.615254543181253277e-01,8.576060315991697047e-01,8.675348724529096112e-01,8.336503458737472005e-01,8.233822609810612647e-01,8.332054891041942302e-01,8.439119990472215838e-01,8.056632641516209281e-01,8.135698227953296335e-01,8.217252762454926307e-01,8.209555811581167317e-01,8.016259844026085712e-01,7.762665147893413886e-01,7.587266970864248172e-01,7.690449801133953933e-01,7.789376011787384479e-01,7.890393306508555193e-01,7.950993003146673566e-01,7.922585332664707769e-01,7.924072088544092951e-01,8.006678472345907238e-01,8.065210731129506261e-01,7.726904883073019148e-01,7.781810375051635420e-01,7.426164063915001723e-01,7.357564194553591896e-01,7.442033507533118986e-01,7.334470662551719755e-01,7.423981320341110912e-01,7.385442680180289710e-01,7.459338039892816630e-01,7.471407407355739050e-01,7.519894868385829101e-01,7.598651597818678605e-01,7.548269999821972664e-01,7.565189576273075867e-01,7.609020947827658254e-01,7.646715246974966629e-01,7.671518336801896876e-01,7.717665792718086948e-01,7.731915955727137746e-01,7.813170413349725951e-01,7.711823232802962336e-01
1.756973654693924969e+00,1.745790603896210547e+00,1.783157997678592954e+00,1.777502367854636001e+00,1.813077907861203153e+00,1.839622989406179299e+00,1.812939893416933401e+00,1.669124847958538771e+00,1.653446530061393860e+00,1.658160011740961393e+00,1.588948319441735535e+00,1.601284219107144580e+00,1.625797091644283432e+00,1.652531323764036220e+00,1.643586828520219090e+00,1.636660667229387967e+00,1.660793929590670626e+00,1.680685016868228798e+00,1.659950624266762542e+00,1.504755114530431648e+00,1.412537657584359785e+00,1.309813277059012293e+00,1.229305547334515802e+00,1.135895815339434289e+00,1.095080158259473135e+00,1.097049162112737841e+00,1.110571887532251223e+00,1.119969278390320344e+00,1.134093293565578531e+00,1.070047072351387074e+00,1.099790400495197495e+00,1.116405915521752723e+00,1.103930655125945570e+00,1.106787972512683682e+00,1.047913157461556333e+00,1.062871817296565435e+00,1.058217032364286991e+00,1.068017470357127463e+00,1.074281196388729764e+00,1.084999011077611764e+00,1.089770663969701348e+00,1.087661986305971329e+00,1.100508109902378351e+00,1.108283028689637240e+00,1.119663119999287249e+00,1.131366613789424491e+00,1.137568066377070863e+00,1.137497107773238092e+00,1.148553344825251399e+00,1.159648792556412289e+00,1.193485633330438889e+00,1.156474353202681993e+00,1.086615095076980841e+00,9.853760793859744904e-01,9.275235043375241739e-01,9.623205808048951315e-01,9.666124858351036186e-01,9.689483621882853948e-01,9.769972621257458911e-01,9.861129171237827951e-01,9.972837130757142843e-01,9.715093261237996991e-01,9.641204488118814142e-01,9.662618581555066921e-01,9.212169545048848329e-01,9.223674475846735943e-01,9.299361293619193836e-01,9.359455526378500645e-01,9.446382467700045193e-01,9.545555323760729349e-01,9.577336199783853532e-01,9.578199650101810736e-01,9.458412142090106833e-01,9.552036643014973905e-01,9.646082476196151667e-01,9.600134966996842767e-01,9.476374279404784495e-01,9.215089882103790764e-01,9.290513478073739728e-01,9.233850025464761524e-01,9.321203271604845408e-01,9.374982215543766761e-01,9.087940565637314672e-01,9.006814663045267233e-01,9.093927676756091705e-01,8.914000231088434756e-01,8.996604130765978313e-01,9.047212936179266363e-01,8.761266055185860102e-01,8.443032206856886379e-01,8.495245885636690808e-01,8.352106229284066430e-01,8.434869213679991873e-01,8.515108787080616359e-01,8.452175222160819290e-01,8.532875466889513483e-01,8.412876527980389652e-01,8.374600331637720441e-01,8.445467939366018140e-01
1.975996272720037084e+00,1.940360776177281421e+00,1.805847311524402476e+00,1.795955500349300848e+00,1.831405001725365356e+00,1.829937330427175546e+00,1.749410949106054769e+00,1.775617372515694514e+00,1.798694909540987874e+00,1.819167149996520072e+00,1.845502166649083620e+00,1.841871817326632188e+00,1.870954900497121098e+00,1.871443910461164206e+00,1.839950737973917949e+00,1.782497826824720910e+00,1.675060252143606210e+00,1.613447027544930190e+00,1.624586513647251262e+00,1.630705538492537521e+00,1.635531157469555241e+00,1.624191441415850923e+00,1.638879628511157982e+00,1.657918984546531194e+00,1.672448755670433940e+00,1.639896475315772095e+00,1.604880349573789999e+00,1.586863343992434672e+00,1.570600915974161405e+00,1.578087953101573016e+00,1.608622635550564839e+00,1.604162449727609685e+00,1.543401988262453894e+00,1.560589747801703009e+00,1.564618566751067696e+00,1.575113388214715027e+00,1.547004896069385627e+00,1.562439823562262298e+00,1.551479204497823172e+00,1.549322975398225166e+00,1.565216524069130255e+00,1.573492775140860278e+00,1.544613885368246953e+00,1.458470384266570496e+00,1.376087596492356679e+00,1.300590415295713287e+00,1.249926216932337075e+00,1.225364715197512000e+00,1.152818398761688679e+00,1.096781983391240001e+00,1.067765255181629680e+00,1.089383070746566373e+00,1.100295730440983721e+00,1.121306594746850793e+00,1.134257495326504772e+00,1.105156288747647153e+00,1.115022735306483215e+00,1.126625610550181067e+00,1.120767784601610861e+00,1.129080067249850883e+00,1.140122928620270759e+00,1.115280600412120515e+00,1.106075452918892754e+00,1.116679175501055221e+00,1.104637764201887196e+00,1.103154572958429336e+00,1.112836875155005290e+00,1.115643647952253792e+00,1.116134661775593395e+00,1.125058697669574670e+00,1.090712212589322272e+00,1.052534849716328935e+00,1.039438075722938670e+00,1.028151932099658161e+00,1.030514710132179212e+00,1.040092633048842252e+00,1.047072535049353492e+00,1.025494089882274196e+00,1.033423781463573610e+00,9.908558245640431972e-01,9.924024074719914879e-01,9.946783264179402950e-01,1.000900385545496096e+00,1.001680935131312955e+00,9.633528969818502263e-01,9.671745482347927636e-01,9.361955096245199170e-01,9.212997151063836432e-01,9.296159478158829703e-01,9.373326783599650325e-01,9.347264608596228541e-01,9.429720830774920293e-01,9.322547816243935692e-01,9.316496304331218781e-01,9.382500461525098423e-01,9.234070874570337040e-01,9.310915890332639444e-01,9.270436337437470975e-01,9.344084207440550571e-01
3.992342800757560539e+00,4.055596411870628692e+00,4.125206217467131786e+00,4.178643279593875270e+00,4.246896453513477887e+00,4.122920821062662000e+00,3.929915839715224735e+00,3.709379697955297761e+00,3.628367552957259434e+00,3.666004362501130043e+00,3.668318359068216239e+00,3.716360488827121333e+00,3.761047074772322585e+00,3.695789650942655324e+00,3.737930115524900287e+00,3.612703888981590339e+00,3.636955824967618156e+00,3.672028742640465637e+00,3.681692006970689768e+00,3.573145265235847745e+00,3.519249275943202804e+00,3.545545012092627069e+00,3.480879106543234514e+00,3.414792082300540876e+00,3.392026474427713545e+00,3.404509436697510161e+00,3.428810364061809945e+00,3.441414622704895176e+00,3.461822287947537102e+00,3.433837081530839441e+00,3.550945855387319217e+00,3.485894203477490016e+00,3.366721963181903643e+00,3.329788452821972999e+00,3.245029508680090213e+00,3.168604941792311891e+00,3.032324177191237258e+00,2.995289249644758289e+00,2.909221633253558092e+00,2.850694602451462334e+00,2.844298410225442275e+00,2.866004059153149708e+00,2.884976162187783633e+00,2.857294457161168033e+00,2.827250747009399046e+00,2.795674363198794143e+00,2.789492598638419363e+00,2.809701910521356538e+00,2.845741697049219976e+00,2.858528768155340849e+00,2.987779376029927825e+00,2.995675545259878447e+00,3.057773808250932479e+00,3.205720791499936606e+00,3.302750081251612624e+00,3.418977041288420615e+00,3.399954263497493745e+00,3.402089275373004984e+00,3.420733227849888980e+00,3.348099541803815971e+00,3.311337461644415558e+00,3.197250789566678186e+00,3.127862664031822337e+00,3.087208826588190735e+00,3.005810689508428002e+00,2.962109757424587819e+00,2.955523277123979664e+00,2.925761452243923255e+00,2.891033775638025993e+00,2.848844455421421173e+00,2.790716358238739314e+00,2.726096011243481332e+00,2.650729381842678034e+00,2.633828642132949760e+00,2.641675503967132688e+00,2.649368597200427722e+00,2.663796202743837771e+00,2.566905189939918230e+00,2.523887671877661720e+00,2.458570929769278823e+00,2.437112721705673390e+00,2.421196505240447383e+00,2.372703175587925983e+00,2.379336824553733631e+00,2.367061792342432192e+00,2.377635714679496193e+00,2.387917283920823586e+00,2.400014216299747094e+00,2.404222478590903211e+00,2.379636181406898032e+00,2.381002633966053494e+00,2.375644327627488561e+00,2.385276185887278633e+00,2.388827605362563666e+00,2.372435455917801139e+00,2.371155048947153343e+00,2.381607694171413492e+00,2.392526659755812357e+00,2.399471196747736457e+00
3.312715116734039178e+00,3.228608331670518528e+00,3.066831971806866619e+00,2.797935653318482263e+00,2.700245188854197398e+00,2.680330917999507623e+00,2.589645122020185042e+00,2.536590385470690823e+00,2.557240135534828873e+00,2.513584317682820313e+00,2.388911686988001826e+00,2.207984819649205122e+00,2.154355226210377783e+00,2.166815474746192738e+00,2.174078952205383164e+00,2.139182485743318374e+00,2.099028469767004967e+00,1.984342847407365440e+00,1.968622847006552323e+00,1.988203022493941319e+00,2.010964128090131808e+00,2.002152289869935764e+00,2.026061144391963609e+00,2.040879970680846256e+00,2.055609299982956717e+00,2.073354162267716294e+00,2.059743443211442759e+00,2.064643647665102222e+00,2.053541516535642319e+00,2.077534076576513566e+00,2.130801042546338842e+00,2.144739920066289773e+00,2.125719037390454424e+00,2.143789430502520688e+00,2.136452926940354047e+00,2.134639067637476462e+00,2.154184284745118472e+00,2.107795589707961881e+00,2.110905481420196406e+00,2.099251610608751317e+00,2.040344940608719071e+00,2.036442242718116802e+00,1.989788081168626155e+00,2.006661817702078299e+00,2.022756848292972975e+00,2.039533044242342719e+00,2.047830728299420144e+00,2.064252240108739311e+00,2.121760010168850741e+00,2.126035981679500253e+00,2.159534905520210213e+00,2.249652547538331326e+00,2.230714163735283417e+00,2.184167275633131400e+00,2.182493960581966874e+00,2.147236471249974965e+00,2.109144835993443046e+00,2.092094198588233755e+00,2.032088963491187616e+00,2.040208530891279182e+00,2.022858749973082571e+00,2.035574625764579704e+00,2.044530944380773985e+00,2.053623617915742106e+00,2.040097911991615831e+00,2.037785181238819021e+00,2.002982160990989247e+00,2.000315660981047294e+00,2.008800247328363930e+00,2.013512475550323977e+00,2.026063831507324053e+00,2.037211817984956763e+00,2.049688409065075323e+00,2.048638612147716032e+00,2.032897451957894841e+00,2.004970507044548267e+00,1.954458299119100628e+00,1.950351933709006280e+00,1.961298823745928566e+00,1.951057859354454527e+00,1.960240871311527355e+00,1.966742589382633577e+00,1.977166934105794027e+00,1.984044310632467223e+00,1.994185300174065034e+00,2.004751492106181754e+00,2.010557836065953285e+00,2.020707924876176786e+00,2.018273467592630155e+00,2.023919028058126290e+00,2.034088842328348523e+00,2.043977137064376670e+00,2.041736604358963536e+00,2.027300510151951229e+00,2.033449214299432928e+00,2.039428565100426916e+00,2.027289724224515144e+00,1.971410174768781332e+00,1.955452857513122478e+00
4.897182870833938217e+00,4.575170505448563851e+00,4.180900976478285180e+00,3.994692304587172060e+00,3.943887829208764906e+00,3.980502909351607332e+00,3.976797569655533326e+00,4.033066938692392078e+00,4.065965816821638157e+00,4.120470660210490799e+00,4.152853806806013459e+00,4.034180546419571911e+00,4.008780978834060704e+00,4.047067954737721074e+00,3.973087633002150287e+00,3.988733860314652269e+00,3.861385265693456859e+00,3.602817309585673033e+00,3.481872400911827814e+00,3.387237449421493629e+00,3.261996635812674850e+00,3.264154121579375900e+00,3.185482908085965459e+00,3.173968583511347585e+00,3.098456888498359429e+00,3.011310150502239047e+00,2.874260549547695831e+00,2.772852167384655786e+00,2.655635672732749253e+00,2.620135890804941248e+00,2.608500432421319903e+00,2.626375136714788283e+00,2.616448494061043739e+00,2.627683577954063932e+00,2.651736530891865229e+00,2.643622473245383908e+00,2.662989298100489233e+00,2.615153367150788721e+00,2.615947318568082824e+00,2.603816489770696130e+00,2.549517013222524664e+00,2.490984172164799837e+00,2.372356579141523980e+00,2.353851688547393017e+00,2.323934755015513165e+00,2.307450976032235257e+00,2.318637682138417144e+00,2.298924754632681644e+00,2.312896815534997152e+00,2.358428796326354604e+00,2.407818899522593981e+00,2.548717727508927222e+00,2.623697986068797228e+00,2.642157566834585136e+00,2.653716379002268866e+00,2.605648534337747790e+00,2.572333786121203225e+00,2.521926987691353261e+00,2.420786402415716410e+00,2.406067894133557594e+00,2.359208553224827476e+00,2.371004400585920546e+00,2.365769884781750321e+00,2.377975393292373951e+00,2.391472540790107626e+00,2.374473863964805975e+00,2.319764840741730172e+00,2.322525857888605216e+00,2.333409983181319980e+00,2.323340943003882497e+00,2.337304507610581172e+00,2.349396177447315548e+00,2.359409808977381839e+00,2.365762982860447394e+00,2.363526096819799083e+00,2.349723545986136752e+00,2.322135350275289056e+00,2.333747938538169198e+00,2.344086386122187005e+00,2.336629406619669780e+00,2.346872663477447940e+00,2.317828291459925083e+00,2.318278424233145785e+00,2.329574812847274412e+00,2.328537351162084601e+00,2.327649464337201657e+00,2.302101602540111536e+00,2.303440061477373568e+00,2.314979883741159927e+00,2.322363571539152183e+00,2.312569331729792843e+00,2.304509200200578700e+00,2.268057821663759910e+00,2.221538698890491048e+00,2.210333173243951510e+00,2.221101520084407976e+00,2.225008461134995841e+00,2.161035813212391687e+00,2.138852107248189416e+00
2.993544361587354707e+00,2.879852845133408668e+00,2.883481377760741093e+00,2.930219766715210117e+00,2.975038315193971439e+00,3.018904528083142580e+00,3.029634604406326037e+00,2.873344894375331471e+00,2.838593135374979148e+00,2.858016206968913231e+00,2.829219730786805886e+00,2.869514510672708685e+00,2.893821892715967348e+00,2.932819483257475213e+00,2.897173904080148965e+00,2.915904830608791354e+00,2.931866227528856506e+00,2.918077921837391564e+00,2.853635807250482603e+00,2.612002633124534956e+00,2.439855260790127378e+00,2.311238698585933893e+00,2.165162424631311477e+00,2.030046512752740284e+00,1.936060977595614352e+00,1.898442806419244677e+00,1.879972411703255908e+00,1.856572949867831390e+00,1.844924028703433194e+00,1.725925800239095365e+00,1.715010825469294620e+00,1.734198952574906638e+00,1.734753836306643038e+00,1.723788223725416735e+00,1.655703045096120762e+00,1.670801251388031705e+00,1.656343374985784989e+00,1.673013890156917371e+00,1.667725997380792080e+00,1.668127261351897372e+00,1.684535324687268742e+00,1.656345131250835934e+00,1.667004366333222576e+00,1.665314858059284697e+00,1.669392642603567234e+00,1.676420927707578112e+00,1.679416658075541413e+00,1.660999409846668717e+00,1.644618135944266424e+00,1.669704165327385637e+00,1.720835779646465724e+00,1.672552169497371510e+00,1.620292758501833186e+00,1.538462778631229044e+00,1.467220995622693369e+00,1.531716302892972781e+00,1.544570213443216655e+00,1.525123061690565329e+00,1.535029752306776851e+00,1.532378955746442228e+00,1.536571753151932063e+00,1.494949899357300271e+00,1.469034553610650162e+00,1.462943436488843618e+00,1.413565729408884142e+00,1.397841371975937275e+00,1.407553705178912651e+00,1.418182328372802781e+00,1.429073259798120166e+00,1.433409507542904748e+00,1.435052776267971675e+00,1.435532405363106445e+00,1.411995018378016331e+00,1.419814690333559337e+00,1.429734603793766157e+00,1.435541070682234688e+00,1.437523381022973279e+00,1.408329679897265985e+00,1.412220932861652845e+00,1.413284164750898020e+00,1.422541565042672485e+00,1.412880768420260669e+00,1.362481129215103559e+00,1.352566764448211778e+00,1.361368835536880040e+00,1.328357725503886755e+00,1.330005809946473994e+00,1.328742025782585934e+00,1.293919919740288638e+00,1.245365846951641986e+00,1.239803518475585786e+00,1.204858855677972462e+00,1.205543908293690292e+00,1.208949055047815468e+00,1.184195089977222670e+00,1.192289884034628988e+00,1.185677516879269033e+00,1.192991181564127201e+00,1.193516633985542086e+00
1.447757321814693965e+00,1.453801181880914006e+00,1.486296232706115328e+00,1.514233223548203444e+00,1.533075103442409937e+00,1.407151276441459764e+00,1.407824934470864653e+00,1.428568185754486741e+00,1.385825857444779263e+00,1.402557125113216285e+00,1.422331872757007343e+00,1.439623793871527502e+00,1.458150146682424264e+00,1.363483909678025130e+00,1.327060275456859895e+00,1.334080659662750801e+00,1.355050060895010677e+00,1.369575847241042865e+00,1.384693260945374815e+00,1.406366408764341935e+00,1.427518899224535120e+00,1.426198033584640479e+00,1.446262576567944214e+00,1.465638299204824468e+00,1.485638962565067445e+00,1.479718520242544910e+00,1.480922113155229258e+00,1.476886956952738084e+00,1.478166952055739003e+00,1.558387686430284136e+00,1.549578830708735255e+00,1.480539607384379286e+00,1.479916863005878103e+00,1.455920295528959407e+00,1.470582666326513799e+00,1.396707224182301088e+00,1.392445131816588910e+00,1.337507871366287127e+00,1.341445914866175260e+00,1.348394465042115353e+00,1.311689755697701854e+00,1.313706440469855075e+00,1.327063262502147900e+00,1.325789915356514692e+00,1.325094274395646421e+00,1.323451691376433370e+00,1.327532215033926377e+00,1.341049057383128407e+00,1.401500914465309222e+00,1.418096943933231158e+00,1.361629313817908971e+00,1.271862372142475994e+00,1.263850609550623894e+00,1.293213462816802606e+00,1.365062909744136688e+00,1.359156961444084155e+00,1.310295195356131703e+00,1.322248056784798953e+00,1.320004143926251539e+00,1.257811246194488142e+00,1.213105642843502974e+00,1.209466480624941775e+00,1.212134053311628490e+00,1.179341502744574610e+00,1.185410722854739030e+00,1.191169422892635055e+00,1.162796629546835936e+00,1.108814398263017420e+00,1.055076317609699776e+00,1.008999809708069462e+00,1.010435993781727548e+00,1.010711081471441064e+00,1.013063061867814918e+00,1.019987698279490429e+00,1.029655303006289824e+00,1.004596076307137320e+00,9.982318939876120290e-01,9.973810886393549291e-01,9.528692019876054964e-01,9.533037716272692030e-01,9.109067101267442901e-01,8.935555063564544209e-01,9.022575926762259613e-01,8.742210388130263743e-01,8.809615386672506876e-01,8.750279499731050681e-01,8.833043184209864451e-01,8.902257034076762610e-01,8.896548554577166090e-01,8.978369840963972282e-01,8.925249933882791753e-01,8.989948869266150000e-01,8.989827349875806339e-01,8.897704663338442677e-01,8.978883575093753455e-01,9.054645455239591634e-01,8.904334804405669157e-01,8.899521164885997315e-01,8.960962976539108560e-01
6.455928302966149168e+00,6.035300790181455710e+00,5.832794309545913158e+00,5.905795497927745608e+00,5.947642382863683963e+00,6.037088737583954590e+00,6.125194441445906079e+00,5.998250076719149781e+00,5.975053948228559619e+00,6.040740714164347658e+00,6.080210274214816302e+00,6.128457358468747174e+00,6.146312599748662286e+00,6.211805188710856740e+00,6.074032664904800427e+00,6.145504278028595557e+00,6.095371124622673165e+00,5.955369526005611647e+00,5.776302622974973211e+00,5.362194292981062205e+00,5.020316885622220227e+00,4.811814093057585673e+00,4.545573776294075330e+00,4.351464529505453704e+00,4.157691553142063512e+00,4.041688552796075307e+00,3.933918789859827569e+00,3.836748363104265369e+00,3.753394292929408849e+00,3.579859792314104006e+00,3.496171200478809027e+00,3.519600200419211511e+00,3.551023720615362311e+00,3.542991731240812570e+00,3.497166819737291821e+00,3.521183539489817882e+00,3.524668938647854244e+00,3.544661744372650247e+00,3.541959908590423201e+00,3.538803182304318007e+00,3.560581723765698481e+00,3.462811759521295940e+00,3.428010942407222927e+00,3.381828944885680865e+00,3.343245558332370138e+00,3.318913716987954565e+00,3.306896547504627026e+00,3.246806823297121003e+00,3.168481828300570680e+00,3.225911479518398295e+00,3.253167556000406968e+00,3.187539311534862474e+00,3.160543174713290160e+00,3.061835646260437915e+00,2.938815205213943127e+00,2.977639657464382861e+00,2.993577677070660581e+00,2.918661641107384241e+00,2.894662565679282817e+00,2.886288476750732634e+00,2.874834519378684394e+00,2.837655230186019839e+00,2.797179296471329124e+00,2.796407923645277904e+00,2.767904487282797366e+00,2.731598031456364595e+00,2.729884966913950883e+00,2.745799561476594874e+00,2.761208442086750647e+00,2.762922035118902553e+00,2.774624835042992288e+00,2.787932547064520872e+00,2.766560432247875401e+00,2.777234067192970279e+00,2.787899725531747919e+00,2.802733059103877711e+00,2.817644237608358804e+00,2.808228606690938989e+00,2.818248557120763387e+00,2.832996002158396198e+00,2.841035730867350395e+00,2.805677440211522988e+00,2.733758473021970392e+00,2.711392823948772346e+00,2.714446936819854717e+00,2.646014239828526016e+00,2.620469937472229116e+00,2.606779067986940923e+00,2.563499246965277312e+00,2.499421202047203305e+00,2.476258664896984207e+00,2.405395650485050218e+00,2.377477137968457388e+00,2.356313227850983516e+00,2.301627251556675802e+00,2.311852322876577492e+00,2.310935863479206986e+00,2.311332313731544019e+00,2.290106614752121850e+00
3.339041086073507358e+00,3.067148314262337916e+00,2.978763070430579862e+00,2.948104798077440414e+00,2.842845358497584574e+00,2.642974717909787774e+00,2.588550640732609320e+00,2.623532431797413800e+00,2.621073251182504560e+00,2.612573343637450307e+00,2.646894261404034943e+00,2.641811385693721981e+00,2.576029487884254010e+00,2.443378917714501330e+00,2.263969590705494195e+00,2.245623141271554157e+00,2.192175255559356550e+00,2.146653881545319553e+00,2.027466250652755431e+00,2.001683135340038167e+00,1.948790202829661089e+00,1.924654182878573483e+00,1.914383597212344634e+00,1.932002393630301462e+00,1.914319352452402478e+00,1.936769423585497085e+00,1.953699489850705628e+00,1.975462548657584971e+00,1.993628084973478209e+00,2.133885322527940609e+00,2.198928154020394210e+00,2.088509632160263418e+00,2.059636298108023400e+00,2.047302991865449062e+00,2.065059133245023659e+00,2.050727651187850498e+00,2.067222315556616952e+00,2.080408613812448682e+00,2.097892131312756980e+00,2.110343257676683404e+00,2.127783068452339776e+00,2.060820218000993354e+00,2.051979030207545129e+00,2.044655614641508912e+00,2.028246959974727481e+00,2.016297981501627756e+00,2.027280832445269354e+00,2.041840251457633926e+00,2.046163272923882559e+00,2.108189986653366432e+00,2.078249100472719491e+00,1.980047126507726185e+00,1.969086108074694641e+00,1.970517792166274207e+00,1.967578256202171749e+00,1.857238273412816554e+00,1.863323240923714152e+00,1.832228249174447043e+00,1.837245852549384217e+00,1.820208637114931971e+00,1.827755271012294402e+00,1.838004471104039084e+00,1.849803526176966528e+00,1.820339790172685435e+00,1.824797808714649472e+00,1.830261339394636533e+00,1.842242614775560616e+00,1.827842165403792851e+00,1.801988837703468960e+00,1.798484971258907938e+00,1.809021940137978790e+00,1.814877317592102024e+00,1.826441432520845565e+00,1.834948294534695545e+00,1.829726986173492609e+00,1.838360123311531868e+00,1.848978973014733684e+00,1.849783076231525936e+00,1.822566790472034182e+00,1.810947639849823654e+00,1.762530073040173173e+00,1.771543622750302971e+00,1.778474458965811023e+00,1.758783798106762664e+00,1.764444060168806727e+00,1.745962896466223047e+00,1.751830128917766016e+00,1.761518457484871014e+00,1.765326674242089888e+00,1.772470253941044183e+00,1.780301515060420003e+00,1.772495256621493542e+00,1.781051327637861004e+00,1.790076662423016884e+00,1.786042185240070079e+00,1.794817829101083895e+00,1.799768841170837463e+00,1.800097172117062216e+00,1.775987623101265012e+00
3.090109961245977921e+00,3.130330415203229411e+00,3.125594481594843099e+00,3.167756730373477936e+00,3.220548018531314671e+00,3.105270265038792221e+00,3.097425255658088350e+00,3.036009057632296226e+00,2.899247137902496885e+00,2.914396844031071687e+00,2.956021903468160517e+00,2.973544385543327451e+00,3.014029801381099105e+00,2.946740691302104587e+00,2.982497925500796399e+00,2.989514277502935080e+00,3.020733677810829576e+00,2.983193658219682742e+00,3.001400099614162098e+00,2.951572961047984833e+00,2.924407456387641435e+00,2.954711474186943576e+00,2.919768130409472473e+00,2.894635634563277105e+00,2.882747047789752770e+00,2.817242761027170861e+00,2.771052964482948688e+00,2.713559922481891373e+00,2.671930171877236582e+00,2.679154390264310237e+00,2.631997157933346099e+00,2.554355622326220487e+00,2.541781084028448934e+00,2.468241566277334709e+00,2.457281669629619358e+00,2.331090288039756153e+00,2.286439464179985670e+00,2.184948317050407596e+00,2.156885420777292506e+00,2.137710109424229898e+00,2.067964248411982897e+00,2.086227349820656940e+00,2.090381761223903290e+00,2.103509539173028298e+00,2.116015501427405798e+00,2.126052245095754856e+00,2.139796417264695716e+00,2.143472084074060646e+00,2.233570864906059938e+00,2.248896961584328391e+00,2.260731934292373513e+00,2.241014505956116398e+00,2.314671068355869110e+00,2.455656389102472748e+00,2.596576089465064907e+00,2.662237378610433414e+00,2.599459971445398754e+00,2.607489460692081096e+00,2.591259413380994747e+00,2.483796971046349000e+00,2.402062260016136097e+00,2.362140782177574838e+00,2.337647786174168019e+00,2.274762614928493853e+00,2.259407052650890257e+00,2.244894076508766823e+00,2.192656846899204481e+00,2.131074000749386244e+00,2.071608746592299877e+00,1.993651329841988007e+00,1.985092619482998977e+00,1.975715201777469732e+00,1.953611706908704893e+00,1.956477937125650213e+00,1.967522071473098766e+00,1.944044274155244389e+00,1.941852125954081743e+00,1.915998780549724723e+00,1.847044892960490570e+00,1.842174671984249557e+00,1.805197034926869559e+00,1.749024469507707735e+00,1.736977642557162804e+00,1.729597949614360530e+00,1.739014355591885774e+00,1.748935069232240291e+00,1.752279951677538916e+00,1.752828882253134379e+00,1.762764009768118978e+00,1.763018092614580201e+00,1.736522035333099234e+00,1.741667584011329817e+00,1.725528699770302321e+00,1.694560098108515822e+00,1.694160911704359451e+00,1.702712258609459850e+00,1.697548362640499020e+00,1.691762018162892955e+00,1.700249222157612872e+00
4.663575876325687375e+00,4.415810050187777946e+00,4.097923785834416854e+00,4.019323991184340805e+00,4.033217275631379550e+00,3.971785536588058108e+00,3.847575850228344585e+00,3.901895751479681262e+00,3.955898743070294543e+00,4.012145331603972132e+00,4.057616486375316356e+00,4.015221670680297450e+00,4.035556637977149919e+00,4.000585879274007439e+00,3.860701738225121193e+00,3.787143177743941713e+00,3.586904404881725128e+00,3.411800336390768518e+00,3.349750445094511697e+00,3.306136302629449464e+00,3.247124732510263900e+00,3.202505332191516452e+00,3.187870782216064569e+00,3.204898615827308728e+00,3.190167667850530187e+00,3.142605159382882540e+00,3.067775914879877774e+00,3.029441882958159304e+00,2.984458672652364086e+00,3.045002758012009370e+00,3.128880710520293817e+00,3.084714624191102317e+00,2.987478708153322504e+00,3.014394506371618654e+00,3.029501413258193665e+00,3.047173719726016916e+00,3.039215891553600279e+00,3.064941019442829262e+00,3.081413019347846838e+00,3.104314892032642881e+00,3.127055983337971856e+00,3.097379422665343274e+00,3.023659176879525123e+00,2.909113594833945271e+00,2.788711868046608977e+00,2.684012533787601740e+00,2.635727850874208134e+00,2.604368826612605936e+00,2.511076624781626077e+00,2.478576360722699601e+00,2.435653322035982615e+00,2.453086014446048679e+00,2.467748637010828805e+00,2.455411346765092873e+00,2.451041611572298606e+00,2.321834558731106224e+00,2.337851558355400261e+00,2.335578401824660144e+00,2.300677057676407511e+00,2.312097885323045166e+00,2.327196332888285646e+00,2.317445925704145981e+00,2.327993279589739117e+00,2.338196029547597643e+00,2.327675851392370987e+00,2.342120625336998163e+00,2.350968212378957478e+00,2.353895991351151906e+00,2.348996730206821315e+00,2.361878097492347006e+00,2.341379985509763451e+00,2.309148532486409611e+00,2.310929948524302446e+00,2.318422990236818304e+00,2.331796728458073620e+00,2.344893712353959714e+00,2.349670604676438401e+00,2.330221233892778354e+00,2.335934671971858556e+00,2.278292871531032660e+00,2.262607246955606666e+00,2.264242171402504944e+00,2.276334884595702324e+00,2.267279720783258234e+00,2.228281809846872186e+00,2.217820439832471013e+00,2.176539134161900702e+00,2.167583176674152234e+00,2.176334844544203229e+00,2.187129856344202761e+00,2.187231056697466425e+00,2.189696752358620824e+00,2.170126218499734971e+00,2.161235495053720701e+00,2.169405507976951863e+00,2.167548382663056827e+00,2.177544743154367080e+00,2.154942157269093439e+00,2.156991223672556135e+00
2.615607760603950283e+00,2.477822669053197924e+00,2.229086764354087702e+00,2.108199058276555959e+00,2.105506889619416011e+00,2.129056043218722216e+00,2.098113195373410012e+00,2.133971077289244622e+00,2.151185805318868383e+00,2.185854684268537795e+00,2.196690043691468031e+00,2.118230847177165366e+00,2.123175827307651975e+00,2.147221565177191760e+00,2.116659726187168022e+00,2.106117726473371921e+00,2.006464599952802352e+00,1.844518252960167137e+00,1.804267898675804727e+00,1.778184677057743412e+00,1.736021438554144147e+00,1.744952501020827995e+00,1.724050562310668999e+00,1.731495854753897889e+00,1.710024709662455900e+00,1.646438484593709006e+00,1.553823677624390109e+00,1.485644011238479667e+00,1.408810119568506103e+00,1.391808718401373213e+00,1.394104091460984129e+00,1.407597526392514897e+00,1.382259497047270136e+00,1.390161913872558275e+00,1.403714988566093336e+00,1.404459074678017894e+00,1.420119705302263169e+00,1.398499064049400609e+00,1.412533111500514638e+00,1.422462194572476024e+00,1.394508019682921374e+00,1.379101142530032353e+00,1.300210962266828085e+00,1.273394749855955022e+00,1.239505823107807991e+00,1.216034624318027779e+00,1.217004910975618914e+00,1.200326237640850335e+00,1.200795328089718339e+00,1.206256361304172131e+00,1.230454473642785373e+00,1.326484513040053548e+00,1.364389025860403004e+00,1.363122907359735958e+00,1.379748622975735861e+00,1.334041622777810021e+00,1.317341813696981001e+00,1.306293962531248853e+00,1.241960401708267270e+00,1.237668885658944617e+00,1.215140406952716523e+00,1.226004536607560036e+00,1.234971568750280246e+00,1.243793658621669129e+00,1.247985162011312710e+00,1.252546181511859924e+00,1.222210891706108526e+00,1.226586108724996960e+00,1.235403527567272119e+00,1.233120232759818302e+00,1.239963249201111672e+00,1.242492019127479752e+00,1.252534816025051345e+00,1.262304757300383828e+00,1.269232543598513452e+00,1.261108401309513738e+00,1.242895666624970197e+00,1.246323093123707482e+00,1.253942511442862839e+00,1.240082589952447245e+00,1.248682383101160420e+00,1.231667758466212570e+00,1.239454796811294113e+00,1.248424832714566612e+00,1.241185403698474632e+00,1.246294390081435388e+00,1.224525874690095995e+00,1.222366659709784420e+00,1.230844653069498973e+00,1.239298649042631872e+00,1.231700769328561762e+00,1.235186210705781162e+00,1.210373281226003295e+00,1.182296414971640619e+00,1.185635881262208757e+00,1.192280601382229577e+00,1.194651854529886537e+00,1.154657002619188244e+00,1.153064531841861529e+00
3.434753355657285567e+00,3.222905607975035114e+00,3.170763300466598711e+00,3.224856216355321159e+00,3.253627451902751488e+00,3.193965726097931501e+00,3.214673366790104847e+00,3.237589940119680598e+00,3.285646378686275515e+00,3.330569251738523473e+00,3.349888532826382992e+00,3.394376020212678924e+00,3.416933477551602483e+00,3.358440647452505257e+00,3.196155833917563083e+00,3.213586105153545258e+00,3.162068340486371643e+00,3.148312875258784338e+00,3.086079198340031304e+00,2.968708393127309275e+00,2.878542887092037983e+00,2.728173399981473235e+00,2.687383955088637144e+00,2.666757210297740599e+00,2.644771980694054392e+00,2.656185340192276811e+00,2.666987928013678566e+00,2.684674704145797008e+00,2.702634683383930092e+00,2.801132680443891410e+00,2.812375974223687791e+00,2.748209471714658125e+00,2.742572921818957177e+00,2.764500827357094792e+00,2.787086867543545843e+00,2.758598134528222889e+00,2.769560175142113057e+00,2.758521348982106325e+00,2.776413020031294643e+00,2.796388959543309127e+00,2.796604195642985236e+00,2.764245775925960658e+00,2.771261156467323961e+00,2.700166337610224510e+00,2.637883477404278310e+00,2.582283591255256194e+00,2.544683076117773890e+00,2.534671278849260023e+00,2.516506690468440333e+00,2.514189002684176000e+00,2.369937189292312230e+00,2.183321841252730877e+00,2.084509048673930387e+00,1.973526105615580839e+00,1.937108106244666450e+00,1.854262083993446497e+00,1.816515095798284296e+00,1.815343351215907841e+00,1.828931000188350753e+00,1.807367381989244848e+00,1.799041503938751507e+00,1.808216517835166570e+00,1.820312992754593129e+00,1.820946382762888893e+00,1.833719073530010180e+00,1.846253274946049405e+00,1.845517636841958131e+00,1.792758482704137624e+00,1.739634839569949465e+00,1.727354894074801361e+00,1.723903709418506569e+00,1.718553779643940516e+00,1.728734923516717759e+00,1.734251206760252906e+00,1.745097240517621939e+00,1.725444525985032618e+00,1.723537150759556047e+00,1.731221121179264300e+00,1.717958590758474235e+00,1.710007868593624858e+00,1.666366517145669635e+00,1.676671847111198765e+00,1.676128725400610531e+00,1.614100579238355371e+00,1.599386692725099035e+00,1.546364283533453898e+00,1.536768849807185422e+00,1.535848442354914578e+00,1.504562865791910786e+00,1.494534604529072164e+00,1.502738101804559800e+00,1.485296351297581419e+00,1.491299097955104402e+00,1.500093258269795227e+00,1.500087938809242960e+00,1.500082140579149570e+00,1.471989398454250919e+00,1.480190170539878780e+00,1.481783239501670124e+00
2.919736255816756554e+00,2.938350258762265632e+00,2.899953075290544913e+00,2.947725194719904351e+00,2.962893497128434639e+00,2.999507447072310651e+00,3.046990003866867358e+00,3.017235501296349209e+00,2.920267055387478106e+00,2.840156944200153077e+00,2.843789167219171965e+00,2.883805350541691404e+00,2.912886565061163058e+00,2.951931017509796806e+00,2.948735890138318716e+00,2.978249434005830310e+00,2.925686675041099694e+00,2.895653935612673813e+00,2.917029332215571369e+00,2.819010657006091325e+00,2.775595079221083505e+00,2.679019698874851585e+00,2.651582837816346405e+00,2.615897337082898400e+00,2.615570761822179513e+00,2.507793065861314119e+00,2.447560347808372505e+00,2.388919685976766072e+00,2.355262348316621512e+00,2.285721333830866620e+00,2.150694802367296266e+00,2.172488870160731000e+00,2.182721872109450789e+00,2.160299147627733340e+00,2.174991207584422437e+00,2.195493834608661654e+00,2.199832192880463833e+00,2.218138504437388026e+00,2.214899066026656094e+00,2.210003887730024985e+00,2.228093189394438234e+00,2.245119353577260224e+00,2.241104810040555950e+00,2.132817622424810544e+00,2.054291924634034761e+00,1.984850135781559111e+00,1.898729684749958180e+00,1.825736337441008494e+00,1.696915097220619284e+00,1.564719263111885361e+00,1.449417923519789264e+00,1.448188563576376042e+00,1.426192912242645106e+00,1.436168366909973626e+00,1.433637385678650844e+00,1.432782483769653004e+00,1.441320949925558370e+00,1.450998481024260212e+00,1.458047532855406780e+00,1.463707178472755110e+00,1.474664077987232647e+00,1.484557395438554694e+00,1.489303818268025825e+00,1.468003384363164798e+00,1.476438710778051000e+00,1.476779261637046980e+00,1.487871971935995408e+00,1.495670418847654615e+00,1.505551858930595621e+00,1.514449182033891894e+00,1.496099297469482448e+00,1.486749770728077236e+00,1.494551349087856362e+00,1.469270813663521968e+00,1.442869045495307923e+00,1.449386266632162856e+00,1.454646354425495280e+00,1.464750362254399807e+00,1.462621080317290989e+00,1.464951956967428748e+00,1.474142131029220204e+00,1.452773580312168633e+00,1.458764428571800886e+00,1.456794405691810068e+00,1.421797624680211536e+00,1.417889872240355897e+00,1.378989974503497917e+00,1.327428191755219089e+00,1.319984820737800213e+00,1.318899124449194105e+00,1.284662193048430767e+00,1.290515391020502722e+00,1.272911942169060673e+00,1.272399946810164995e+00,1.280374203554789370e+00,1.244482889599699993e+00,1.244069217616101231e+00,1.252125140120631253e+00,1.246547645857480680e+00
5.429586273993460388e+00,5.211132672845917746e+00,5.149336172981826998e+00,5.227866523267665322e+00,5.281723119254477794e+00,5.331674613237042060e+00,5.346951629691532482e+00,5.131107460264193065e+00,5.048310782294561427e+00,5.102174206199560302e+00,5.126861982227580050e+00,5.176813821152829398e+00,5.198000514267396177e+00,5.254942204906409842e+00,5.240940630137633782e+00,5.265530897589059123e+00,5.293039381969440349e+00,5.214791686938983872e+00,5.094848856848266827e+00,4.747380670306949213e+00,4.476361369282623848e+00,4.386128772333137249e+00,4.151575007925247363e+00,3.966750531750734776e+00,3.805189200103957337e+00,3.721821021557470299e+00,3.655429421868496842e+00,3.580714136437489259e+00,3.522644662855865416e+00,3.313416610693162401e+00,3.284942581308927245e+00,3.299152624688406199e+00,3.283428271338511895e+00,3.234975351136556654e+00,3.134760925044085322e+00,3.095453892140203944e+00,3.005595324359339848e+00,2.974715563549969577e+00,2.896523985712275540e+00,2.830153792468314666e+00,2.819229458133068800e+00,2.767091952145304568e+00,2.763500018701495975e+00,2.782664696254188552e+00,2.802500748919540818e+00,2.823647237723797776e+00,2.844323524336934028e+00,2.822569217505227268e+00,2.835385111332759944e+00,2.910221694902744183e+00,3.080599156141215378e+00,3.106409513758372487e+00,3.165821506152616038e+00,3.238593837667147479e+00,3.243084544897218535e+00,3.404104311653708415e+00,3.394950321895076950e+00,3.343850426817714716e+00,3.333984297095163196e+00,3.273664339092037689e+00,3.226831060907521032e+00,3.127290787756043855e+00,3.044500757607669694e+00,3.014300771565573189e+00,2.945924905299745156e+00,2.878821130124215255e+00,2.857586592180223484e+00,2.856786855371509226e+00,2.857293624209726879e+00,2.822879242768713048e+00,2.800931990868290811e+00,2.781866051667378770e+00,2.714877009802548091e+00,2.706860985486918558e+00,2.711475251818042942e+00,2.722964633987532856e+00,2.737567291428992355e+00,2.677334886924019219e+00,2.658871729118962968e+00,2.653582379440426742e+00,2.664842571293632112e+00,2.617965576831557506e+00,2.529430829847763018e+00,2.537912828294893064e+00,2.550664843445446195e+00,2.524337391917920392e+00,2.525212774004942151e+00,2.526468258016099977e+00,2.505521686287150107e+00,2.444568916611479903e+00,2.423753607788201148e+00,2.371703543830550487e+00,2.356528256782505437e+00,2.334464657600240578e+00,2.278328681804093314e+00,2.286655377026955982e+00,2.296548926554808912e+00,2.300529547682280462e+00,2.285616989498311380e+00
4.242237026377300602e+00,4.221735192138529769e+00,4.146452403110623131e+00,4.162756734341344078e+00,4.222261651313631070e+00,4.051067292680245124e+00,3.803812837024447724e+00,3.770607985818753782e+00,3.801427448752883187e+00,3.855702585301874041e+00,3.895621887511490744e+00,3.921261284845475981e+00,3.971042865788326548e+00,3.854360857344135916e+00,3.778763442756912561e+00,3.608319086167492085e+00,3.483027206451402957e+00,3.478390606420703524e+00,3.511215459494861690e+00,3.551149312210790665e+00,3.589768993773255534e+00,3.596776776397593522e+00,3.633714578299635178e+00,3.665779498424864613e+00,3.703338687038707722e+00,3.732875149468858123e+00,3.754777628808103618e+00,3.787426485059648851e+00,3.817598321210287970e+00,3.913339805309610231e+00,4.053390890166364890e+00,3.967176268070332412e+00,3.827342577234793985e+00,3.838033934124702284e+00,3.819038431153636726e+00,3.770639277935137645e+00,3.675008407362650775e+00,3.665324407195734935e+00,3.619627012645525888e+00,3.597549133565625556e+00,3.610397621222119824e+00,3.624163560027661823e+00,3.613115175791973943e+00,3.492744374260265072e+00,3.374160425376333539e+00,3.262082724632315411e+00,3.199809557407804039e+00,3.202885601243420144e+00,3.164454467448760244e+00,3.118632107935770392e+00,3.096580201854089331e+00,3.050790388357447203e+00,3.074060989046179859e+00,3.174429766089887028e+00,3.256926153728807005e+00,3.255345271179547417e+00,3.238301150619343094e+00,3.257759190971936558e+00,3.276140118466142503e+00,3.230501186804072500e+00,3.217678828736696417e+00,3.134511873919533453e+00,3.094948181711047130e+00,3.078626349604135282e+00,3.029181897367238641e+00,3.011654738460220582e+00,3.019711590463602047e+00,2.980375479876330669e+00,2.933269550799315173e+00,2.910624500252932290e+00,2.840849656868626560e+00,2.760764080120570174e+00,2.711353395155275514e+00,2.691320520841025576e+00,2.699351228087266019e+00,2.705559215159334396e+00,2.720230052059472658e+00,2.645309010579535602e+00,2.617213094994429223e+00,2.526399160969658997e+00,2.487135247622974887e+00,2.497791310077901006e+00,2.493830488708028259e+00,2.476796859744885726e+00,2.427677677009550283e+00,2.431529379121649903e+00,2.414502006324696470e+00,2.416487870585695585e+00,2.428404359801275891e+00,2.433922188324611824e+00,2.445906090892680407e+00,2.457612565178068031e+00,2.465186034798954928e+00,2.476988827210313548e+00,2.482791740965584193e+00,2.468895244613035000e+00,2.474781226430520231e+00,2.481131769428435163e+00,2.492438130411325670e+00
3.252611528954076459e+00,3.260743641350946742e+00,3.314796909833854333e+00,3.288279877901047588e+00,3.326596512457836941e+00,3.379746905752287311e+00,3.424671744271019058e+00,3.331631027433560988e+00,3.331433082244859012e+00,3.299399206395036366e+00,3.202352336864619620e+00,3.215349034978939979e+00,3.256930818583169795e+00,3.282152800897016220e+00,3.232867539454186367e+00,3.273390756944295710e+00,3.285017790094446610e+00,3.318394671725370948e+00,3.326235929951878667e+00,3.175938226273085530e+00,3.109431318493175223e+00,2.912341585463562588e+00,2.873255072739683058e+00,2.814741403396265440e+00,2.812343841710570391e+00,2.811671257586117800e+00,2.831859402363465783e+00,2.850320710931730339e+00,2.875136302755427753e+00,2.882260740391424214e+00,2.832223463120809637e+00,2.840971568063810793e+00,2.866896971336236000e+00,2.888831032149245637e+00,2.888761972848274517e+00,2.873738988787182702e+00,2.890785661265745432e+00,2.859792582764948854e+00,2.868848872019440055e+00,2.873685426820900002e+00,2.846314621102573383e+00,2.857334778145970144e+00,2.880038479271365581e+00,2.815493702586399749e+00,2.777607987536511835e+00,2.742944145572762338e+00,2.688501387363988471e+00,2.667440656979678248e+00,2.659092994205838778e+00,2.596888760355822612e+00,2.463062813854416611e+00,2.350895377406336362e+00,2.207125156210232308e+00,2.038183109515247615e+00,1.979841529816721568e+00,1.980505014483439741e+00,1.918567381869552779e+00,1.932536331748088365e+00,1.932034836562322555e+00,1.932912420757900263e+00,1.920762648561169961e+00,1.934345300540684098e+00,1.945324859708232657e+00,1.957332278542593951e+00,1.951742586550429204e+00,1.958521051011131942e+00,1.940205991497643501e+00,1.897973107258450920e+00,1.872574965588584828e+00,1.871475351647955865e+00,1.871800892136565420e+00,1.878117380281303372e+00,1.890067212880856440e+00,1.879524461037148653e+00,1.868599737858612997e+00,1.823458300186919123e+00,1.778683704209910177e+00,1.785558931000077010e+00,1.795102205650457527e+00,1.805954845888824156e+00,1.805683719867285042e+00,1.815591853766308938e+00,1.810742924200285930e+00,1.764717874162215816e+00,1.757949390161069880e+00,1.722920364013614147e+00,1.721631218478647085e+00,1.709060703879360599e+00,1.659581686968484737e+00,1.636808603758684866e+00,1.640715824886319840e+00,1.635776910827668074e+00,1.644781079827411174e+00,1.649890017145692500e+00,1.657827992752692436e+00,1.645660709256424159e+00,1.597729500678376491e+00,1.577867669149827012e+00,1.582349781998154459e+00
3.623440811923514637e+00,3.681578099351485722e+00,3.706572168889804786e+00,3.581182438775450283e+00,3.569039564681596222e+00,3.593568627523215486e+00,3.648008424454145526e+00,3.688318895302249434e+00,3.742694035710409040e+00,3.733383303640794182e+00,3.669528680383240538e+00,3.614418988174846081e+00,3.627753725995346290e+00,3.616249709977645388e+00,3.624308869668412481e+00,3.659672615362605352e+00,3.699471190572062085e+00,3.713839633533072782e+00,3.754032602657346729e+00,3.780931510419165864e+00,3.821625546920194516e+00,3.745889517616700637e+00,3.785628041654234721e+00,3.820931809851193961e+00,3.857343395667525154e+00,3.895404608041864947e+00,3.925179345932223285e+00,3.955525477683726532e+00,3.979988248333973022e+00,4.058479519112456302e+00,4.019515398584405652e+00,4.004986983010712542e+00,4.025317081877172853e+00,4.053278597422416141e+00,4.087682868090588784e+00,3.989490315271792653e+00,3.955286730673106099e+00,3.830235066779093867e+00,3.777108300058090951e+00,3.718143747118477282e+00,3.612813420214886495e+00,3.640833810368743872e+00,3.661471962239968292e+00,3.595536004378359518e+00,3.559039706618735810e+00,3.520060528742071870e+00,3.458191368405991284e+00,3.469025684800869591e+00,3.549853327971635331e+00,3.502305366409836029e+00,3.355419054064904927e+00,3.291665176771829682e+00,3.238474073782763529e+00,3.237522300145581511e+00,3.308070435395618958e+00,3.370400127759320963e+00,3.237703209053940157e+00,3.231580406176580489e+00,3.195579593872897473e+00,3.128637774786092063e+00,3.039387423657746723e+00,3.023640694787838257e+00,2.990596967314276711e+00,2.999110482033365610e+00,3.017006271254073280e+00,2.977938706583887374e+00,2.898312981715017944e+00,2.800035262644956724e+00,2.729370182039740911e+00,2.672962558437391944e+00,2.639149062130028867e+00,2.621192023176202479e+00,2.610083331652854888e+00,2.564184093276818288e+00,2.530409123482534550e+00,2.444319477673326801e+00,2.374485729628603270e+00,2.380877750275765425e+00,2.366745259119153122e+00,2.373009063472851565e+00,2.358986458389268570e+00,2.355371894268534660e+00,2.366599460434023694e+00,2.320156100316280945e+00,2.310591477420242956e+00,2.304759392309683186e+00,2.314839393576039850e+00,2.317814345493605543e+00,2.299099779970072532e+00,2.308286326154084911e+00,2.318549089779917249e+00,2.330019499702384422e+00,2.333845549380628270e+00,2.310043094282353771e+00,2.311480266098745240e+00,2.289806557898632189e+00,2.234331671183505730e+00,2.183468879825513742e+00,2.169543954595226420e+00
3.243882550426675948e+00,3.304150500674404523e+00,3.344881049972074916e+00,3.393887667984298862e+00,3.407213736675504645e+00,3.396988906154710275e+00,3.327925861024044529e+00,3.364474052046672714e+00,3.414614875663913640e+00,3.414866535057250907e+00,3.455815167662185328e+00,3.499344756491783670e+00,3.517544563348189435e+00,3.497630202916818476e+00,3.498511638928385015e+00,3.432407798402370869e+00,3.395437426159984895e+00,3.434323063388253772e+00,3.469890085937073820e+00,3.509326323637148803e+00,3.548189290216676284e+00,3.530174136068898072e+00,3.564427751299881653e+00,3.601173556078482552e+00,3.634066821676867232e+00,3.658051109846668147e+00,3.688726033138194360e+00,3.722376245739675404e+00,3.757015062890443957e+00,3.795168739010656100e+00,3.815904186875418880e+00,3.797703848572862473e+00,3.739074808413016981e+00,3.768119426674240824e+00,3.779772857499125394e+00,3.728282797734365328e+00,3.628525445814722250e+00,3.582323326516455353e+00,3.489758547332336036e+00,3.408029466431697241e+00,3.385613415350513300e+00,3.412114678704933013e+00,3.431236792188238294e+00,3.297308668582787039e+00,3.190668776432539211e+00,3.085699801404844234e+00,2.984081614240997826e+00,2.974889977580442491e+00,2.937170409763479206e+00,2.858495584855123894e+00,2.770519701065320639e+00,2.734656935462608018e+00,2.749852854617355291e+00,2.866540911219656707e+00,2.932776274516358139e+00,3.019403922648577598e+00,2.963979756244675468e+00,2.954793517502560363e+00,2.968313572860283855e+00,2.929177200778724011e+00,2.893510786236572319e+00,2.816843299384767629e+00,2.745020963617499365e+00,2.753976540244575499e+00,2.741493865343116010e+00,2.679011954316490751e+00,2.661568680167137657e+00,2.608580891080818365e+00,2.564808791219971518e+00,2.537779029211295612e+00,2.446844890850886411e+00,2.367122207995833616e+00,2.308525284054936844e+00,2.236117901787322726e+00,2.196885536202597411e+00,2.176143436968406952e+00,2.173804622254912555e+00,2.128709410832075211e+00,2.121696357527092403e+00,2.071267339305956856e+00,2.060949933525637157e+00,2.070085346914117164e+00,2.062491859045708864e+00,2.042221308869550889e+00,1.984586048176244288e+00,1.990164054165876939e+00,1.974995683580104799e+00,1.959921935826038464e+00,1.966527406220082819e+00,1.973692049083342059e+00,1.982941538591091790e+00,1.989320011811280819e+00,1.998846666487908319e+00,2.004545112923088457e+00,1.991248556453354190e+00,1.942829184916871288e+00,1.931538841671064377e+00,1.935780508643780928e+00,1.920114749080266359e+00
3.588152350344777641e+00,3.651754931137131788e+00,3.709497359327175836e+00,3.695399893293408233e+00,3.620267036421946028e+00,3.597464305630098558e+00,3.635677177673039218e+00,3.543559193420250164e+00,3.378129885317592507e+00,3.190428252218507676e+00,3.126905752235172198e+00,3.149106954274755399e+00,3.128439229395725274e+00,3.151024928114868118e+00,3.184428163363481001e+00,3.224428007584777767e+00,3.227339945463241655e+00,3.251007682829618606e+00,3.289316355350468957e+00,3.198646117152556645e+00,3.184792882547002879e+00,3.079519235453881176e+00,3.069670121524253670e+00,3.027031212497068413e+00,3.045925157844836306e+00,2.949145589104008369e+00,2.924546934096543538e+00,2.889746473120559322e+00,2.885309024506102382e+00,2.820728554813221489e+00,2.671743364357204609e+00,2.684434080932526001e+00,2.709689383808017826e+00,2.666725959585529271e+00,2.671718601934167214e+00,2.695459453675475014e+00,2.705488679562484400e+00,2.719620586041120447e+00,2.706233587485896930e+00,2.681553044913809192e+00,2.693127647911917055e+00,2.712510931009759485e+00,2.731864765171692966e+00,2.647707272986307370e+00,2.602983022564187898e+00,2.563575870409608992e+00,2.482417305563664467e+00,2.422252501313466588e+00,2.321278340446212951e+00,2.197567812813986610e+00,2.117585988072263614e+00,2.132762769363683475e+00,2.098659540704157500e+00,2.122158077703656165e+00,2.121423069704389430e+00,2.127692357681886914e+00,2.131384367372261668e+00,2.125209291676495749e+00,2.138776979125094790e+00,2.145625876270329080e+00,2.160329691601059476e+00,2.174756117234412756e+00,2.178917103090811658e+00,2.139398057318147472e+00,2.137978610764077914e+00,2.129508416376990620e+00,2.141141626318818325e+00,2.151759854523332738e+00,2.165202240780791154e+00,2.176709565353075249e+00,2.167694609687429885e+00,2.171218141759066356e+00,2.182691033371782385e+00,2.148499508437469618e+00,2.097543592908826415e+00,2.098881174800134364e+00,2.089784678849579969e+00,2.097836116299447440e+00,2.086520280749847966e+00,2.098434524156848724e+00,2.102088227949785892e+00,2.090990847123543883e+00,2.099694839219790943e+00,2.104640113587440631e+00,2.088246659601868505e+00,2.093827404054534380e+00,2.079030771331810357e+00,2.036592016120656101e+00,2.029574133991179696e+00,2.030036651981468765e+00,2.005746207335604936e+00,2.016084097588822566e+00,2.016630924450207640e+00,2.026134620214121274e+00,2.032794277447270481e+00,1.999927516458675392e+00,1.997207242220397028e+00,1.995520390141616973e+00,1.969110794436036649e+00
3.312715116734039178e+00,3.111824760727339712e+00,3.066831971806866619e+00,2.934171192133299133e+00,2.700245188854197398e+00,2.591835391348885409e+00,2.589645122020185042e+00,2.601402630470676325e+00,2.557240135534828873e+00,2.416645587700364750e+00,2.388911686988001826e+00,2.318384060631663690e+00,2.154355226210377783e+00,2.109803667962097951e+00,2.062151348921806626e+00,2.083070490777161776e+00,2.099028469767004967e+00,2.068644151177786217e+00,1.968622847006552323e+00,1.991821069054862114e+00,1.989636301112437611e+00,2.007928548572551541e+00,2.019812823955890568e+00,2.043620478834478948e+00,2.040325717785490323e+00,2.048426966622911127e+00,2.071486921014490168e+00,2.093384334880770137e+00,2.114982480989799463e+00,2.149364177226321004e+00,2.130801042546338842e+00,2.109771667417931429e+00,2.125719037390454424e+00,2.117532038761588353e+00,2.136452926940354047e+00,2.155708310600788380e+00,2.154184284745118472e+00,2.153378223643346523e+00,2.110905481420196406e+00,2.046578846481003300e+00,2.040344940608719071e+00,1.989741295828501455e+00,1.989788081168626155e+00,1.989154229749749758e+00,2.001746564662004957e+00,2.013203658670430940e+00,1.998039823900135792e+00,2.004129548218296808e+00,1.996092785323129171e+00,2.024304423938156905e+00,2.044870926443203896e+00,2.082210565426210191e+00,2.101498531871095032e+00,2.154233246652054401e+00,2.137857470440466923e+00,2.109165969364334092e+00,2.109144835993443046e+00,2.045011477453404503e+00,2.032088963491187616e+00,2.046003129438008550e+00,2.053362711439326915e+00,2.061598738138990861e+00,2.044530944380773985e+00,2.030096923111662566e+00,2.040097911991615831e+00,2.003055782183678080e+00,2.002982160990989247e+00,2.015292045382215402e+00,2.027700023005325924e+00,2.040582145229778543e+00,2.037468960803205054e+00,2.045540595252938409e+00,2.049688409065075323e+00,2.017556058363164428e+00,1.962605494270264428e+00,1.965259757805405849e+00,1.954458299119100628e+00,1.965164450951372377e+00,1.961298823745928566e+00,1.969913277273136920e+00,1.960240871311527355e+00,1.970935013716816231e+00,1.977166934105794027e+00,1.987584293295738824e+00,1.994185300174065034e+00,2.000225708551876647e+00,2.010557836065953285e+00,2.007977446233163210e+00,2.018273467592630155e+00,2.028637474133238250e+00,2.034088842328348523e+00,2.031731574164140408e+00,2.041736604358963536e+00,2.047176194107140912e+00,2.033449214299432928e+00,2.020672557391426150e+00,2.027289724224515144e+00,2.008480958969349306e+00,1.955452857513122478e+00
2.993544361587354707e+00,2.973154525547640148e+00,2.883481377760741093e+00,2.930654508070611453e+00,2.975038315193971439e+00,2.983876156571415805e+00,3.029634604406326037e+00,2.971887914299685463e+00,2.838593135374979148e+00,2.803833398496317741e+00,2.829219730786805886e+00,2.854390395780215695e+00,2.893821892715967348e+00,2.920671055873491184e+00,2.930757232849620308e+00,2.968338318756083893e+00,2.931866227528856506e+00,2.854627791003364834e+00,2.853635807250482603e+00,2.720836076171389895e+00,2.637313703838075618e+00,2.584425657998732806e+00,2.515337999325996332e+00,2.453348093347306413e+00,2.419610483417598878e+00,2.277595567718789127e+00,2.172933123761477958e+00,2.064469049964277492e+00,1.981751566825293631e+00,1.872464772521815091e+00,1.715010825469294620e+00,1.715904799008829862e+00,1.734753836306643038e+00,1.661238849904353110e+00,1.655703045096120762e+00,1.640480078088706994e+00,1.656343374985784989e+00,1.650972540031070857e+00,1.667725997380792080e+00,1.684427939128123386e+00,1.684535324687268742e+00,1.693351910371417635e+00,1.667004366333222576e+00,1.617235488046882219e+00,1.583133257796093485e+00,1.558983473110638895e+00,1.528770320610418176e+00,1.459100407319251946e+00,1.392511606536677160e+00,1.325901930512238591e+00,1.313561898166025532e+00,1.354011544364505548e+00,1.404291971871914235e+00,1.468844774932724029e+00,1.525903601260805598e+00,1.547225536889984321e+00,1.544570213443216655e+00,1.553544598668403998e+00,1.535029752306776851e+00,1.489410844719363913e+00,1.460655522145971386e+00,1.462145296276702311e+00,1.469034553610650162e+00,1.417141441766968768e+00,1.413565729408884142e+00,1.422726964221735502e+00,1.407553705178912651e+00,1.409260634922218980e+00,1.409961638427833508e+00,1.386780730922675842e+00,1.395791964038457511e+00,1.405658539469215151e+00,1.411995018378016331e+00,1.418479641916693845e+00,1.421362948876834675e+00,1.428140100252948352e+00,1.437523381022973279e+00,1.440035402165453338e+00,1.412220932861652845e+00,1.421753447418590444e+00,1.422541565042672485e+00,1.369711976187599101e+00,1.362481129215103559e+00,1.371034906946320353e+00,1.361368835536880040e+00,1.361594569223133933e+00,1.330005809946473994e+00,1.293764226521201488e+00,1.293919919740288638e+00,1.286665676219308718e+00,1.239803518475585786e+00,1.239372103644680534e+00,1.205543908293690292e+00,1.179968683029417154e+00,1.184195089977222670e+00,1.177596326427817974e+00,1.185677516879269033e+00,1.186511765763249127e+00,1.193516633985542086e+00
5.930877726443307019e+00,5.524908097585148781e+00,5.333780210351690698e+00,5.350444020046404958e+00,5.322264611200084872e+00,5.404125996580092739e+00,5.470879297199479296e+00,5.366929577983722055e+00,5.358630769481029787e+00,5.432920074094725216e+00,5.497553044384607901e+00,5.504909733494884883e+00,5.471637840260695995e+00,5.540037274166200731e+00,5.479782138602930175e+00,5.532723374037542996e+00,5.533402442012888223e+00,5.386903323990309467e+00,5.196257329284344806e+00,4.875402086413203051e+00,4.580966097083869037e+00,4.519024575760665741e+00,4.281022857894240197e+00,4.134593013604159317e+00,3.947869725620851700e+00,3.880701745641213840e+00,3.798493305710482826e+00,3.722495506736603232e+00,3.648151114285218544e+00,3.471856646274093183e+00,3.434930222643828746e+00,3.465225369233473351e+00,3.481063313502090750e+00,3.469271288036272605e+00,3.418051951338997085e+00,3.385216947963890721e+00,3.306213782381077326e+00,3.256163524221554528e+00,3.155973308584200332e+00,3.052661975718425680e+00,3.017424861397119074e+00,2.915065462323784828e+00,2.879567599039821513e+00,2.899920178410387184e+00,2.918442133554713713e+00,2.939527113794666136e+00,2.961468809918150757e+00,2.949737415296686205e+00,2.973614498996124400e+00,3.096683197599552351e+00,3.249420850514655346e+00,3.303021718987944944e+00,3.391689935561952751e+00,3.475759143416518704e+00,3.457210863010629964e+00,3.592238536112731584e+00,3.568979944905461554e+00,3.473282392276296537e+00,3.432782901232864337e+00,3.385303361077411477e+00,3.327186550615317984e+00,3.244607961575633581e+00,3.148612137074850548e+00,3.145451579760074168e+00,3.114729366863819848e+00,3.020799413461324523e+00,2.980459221020259175e+00,2.979630313435783329e+00,2.985347050170676475e+00,2.955677336829028778e+00,2.933726488788636289e+00,2.922720191388021416e+00,2.862633183350450139e+00,2.837954010024894114e+00,2.820892157254203614e+00,2.825414610453199860e+00,2.832745691142683597e+00,2.802285021264391496e+00,2.801670473617150936e+00,2.811034873205091156e+00,2.825545512437357409e+00,2.784350606035982167e+00,2.704696130297215895e+00,2.713133705166699272e+00,2.726746902978698817e+00,2.696851603622663962e+00,2.695454029521106687e+00,2.703004133784934648e+00,2.693613368835722000e+00,2.647961251710868602e+00,2.636327250092514340e+00,2.576302182391938977e+00,2.555002424541465089e+00,2.519853873819567269e+00,2.447375583033299051e+00,2.451335944177418291e+00,2.462789903258659319e+00,2.444575240668829696e+00,2.396073678843352095e+00
2.678188138931143047e+00,2.488441989134727805e+00,2.454272217081632235e+00,2.356662790174797184e+00,2.148863053914549237e+00,2.095315707918721682e+00,2.118883866904305080e+00,2.148955070627987407e+00,2.136326915008425420e+00,2.032467363623867929e+00,2.028152295398571781e+00,1.980493174305004933e+00,1.838779836224728070e+00,1.826983480771587454e+00,1.795729477911787386e+00,1.822437629301073336e+00,1.843387889848447037e+00,1.819553062569903235e+00,1.722879073705938291e+00,1.734657104144233353e+00,1.718664701485737911e+00,1.738957755987786902e+00,1.738463321354641655e+00,1.759888817204179334e+00,1.747280209302702669e+00,1.759550012630639149e+00,1.780435757142696751e+00,1.801249622869906197e+00,1.820319877787583529e+00,1.833570054285382112e+00,1.809658666129717819e+00,1.808621393968420143e+00,1.828023665316076851e+00,1.832893074478668893e+00,1.851619585546044888e+00,1.865225553329326491e+00,1.847148979262678736e+00,1.840004127834824477e+00,1.783025347225305701e+00,1.707597802306672685e+00,1.698004868002517487e+00,1.653001980115875735e+00,1.657302491554124568e+00,1.648368751745391547e+00,1.654541157496310255e+00,1.659316568740377029e+00,1.638653705455599852e+00,1.644870789289990753e+00,1.637223551274290090e+00,1.667043808181148279e+00,1.685916012915985807e+00,1.718906777547358100e+00,1.742513963306933089e+00,1.799689640919993616e+00,1.781281625393339230e+00,1.783888672365679939e+00,1.778852463755021152e+00,1.714711769589483570e+00,1.704091588622458353e+00,1.716641148359697278e+00,1.718043712296897896e+00,1.714659742215013161e+00,1.684222837245416660e+00,1.681756807227458461e+00,1.693977445870916698e+00,1.646722398983218039e+00,1.643278020996072897e+00,1.652281635588967346e+00,1.663892297829622891e+00,1.674266100432226345e+00,1.661029470794961105e+00,1.661382947159757428e+00,1.656012413470053346e+00,1.617540589365272563e+00,1.563358144581138420e+00,1.564549331035292257e+00,1.556774287258976930e+00,1.566744821440927415e+00,1.569496414811497154e+00,1.579639769939896299e+00,1.576905432049175992e+00,1.586954859259985806e+00,1.586761389677197043e+00,1.596344534887333078e+00,1.598902251596990620e+00,1.603218113431029712e+00,1.611949443550421357e+00,1.609568228321196282e+00,1.619089921114112096e+00,1.626617978661977437e+00,1.632816986368307743e+00,1.626496291665768590e+00,1.635276183847283349e+00,1.639066884581661609e+00,1.619762036984369491e+00,1.603668318164183981e+00,1.609555741422122432e+00,1.594974882739289335e+00,1.543369011391955592e+00
1.599677845638801665e+00,1.616472570474960957e+00,1.556025100667445704e+00,1.586813846966307562e+00,1.603914132790716041e+00,1.632221120386977198e+00,1.609038092933857245e+00,1.639949316377746324e+00,1.637266905833374420e+00,1.618282772964275917e+00,1.645985940872264131e+00,1.668033568657760535e+00,1.687661085074277478e+00,1.706371638091181087e+00,1.701101285003953523e+00,1.674336873744725063e+00,1.604228247656080519e+00,1.583090313453984210e+00,1.605334464409225559e+00,1.607873052450870199e+00,1.618309863459063358e+00,1.594997892513605464e+00,1.611036239970710549e+00,1.626486139220214344e+00,1.644750774405955296e+00,1.605287965878059664e+00,1.580263613202269157e+00,1.564536253412083910e+00,1.556739238883877441e+00,1.544362420686715476e+00,1.521920508424768670e+00,1.532443977875895591e+00,1.500802124852162578e+00,1.513223255551934932e+00,1.525197405859460398e+00,1.535037251186689877e+00,1.504811952256074781e+00,1.515869438770069300e+00,1.490353180147984125e+00,1.470335008949990918e+00,1.484134460883638651e+00,1.498909818046967102e+00,1.489825319914451995e+00,1.397700253187563524e+00,1.320116860185145624e+00,1.247447920529572318e+00,1.178998213911080617e+00,1.145295096841998372e+00,1.058890623574865630e+00,9.780283758835669472e-01,9.131315846261648383e-01,9.212266289498903804e-01,9.262003523903987734e-01,9.675043273881810402e-01,9.782572482436833194e-01,9.851232940826454287e-01,9.891785945794340229e-01,9.938756084457264217e-01,1.000569459423325647e+00,1.010100084800595210e+00,1.019681726522193133e+00,9.970429193195423645e-01,9.774915288710011030e-01,9.864804914758549259e-01,9.866031130363178692e-01,9.707513415193186335e-01,9.810724134821295905e-01,9.819452720448212935e-01,9.839636688524863173e-01,9.929147144030041616e-01,9.498914454586649958e-01,9.111767856144463718e-01,8.956040248093318779e-01,8.635351613433707163e-01,8.453018513043996096e-01,8.530672474593458121e-01,8.624682617793876238e-01,8.512697224203241708e-01,8.606278591209076678e-01,8.331231374394771905e-01,8.407697933156536019e-01,8.414157134344759648e-01,8.475590486130345491e-01,8.482189911422790551e-01,8.040675142628304073e-01,8.092384646538497428e-01,7.768159924424018481e-01,7.476243464521925564e-01,7.547595968026316049e-01,7.633354687870574917e-01,7.543191006182224934e-01,7.626613663939222354e-01,7.545604711550973898e-01,7.586546605652871866e-01,7.607195574658213166e-01,7.278666762310554983e-01,7.334657867144978027e-01,7.401889548349391834e-01,7.373724701097401635e-01
3.425257566305241141e+00,3.408135370690018373e+00,3.328332907271409180e+00,3.226416467751829664e+00,3.228267451743636052e+00,3.074598047591910355e+00,2.825296016263335375e+00,2.675536643827060690e+00,2.645994540803706663e+00,2.645110152173268059e+00,2.583164855835052176e+00,2.528235329642558593e+00,2.542670032674276381e+00,2.451321550918853287e+00,2.424618664751688524e+00,2.252324375860641048e+00,2.166467796595445527e+00,2.139032264778671699e+00,2.160576691704167107e+00,2.154569886115070165e+00,2.176864060853476168e+00,2.200158587807214960e+00,2.213329408463643233e+00,2.201907496246499285e+00,2.225859015630791138e+00,2.250740447438857483e+00,2.265548687015670914e+00,2.289037192107262086e+00,2.307868926281844590e+00,2.352138770313230598e+00,2.519497088032240484e+00,2.455736183008516704e+00,2.323978624765005385e+00,2.311737584810837021e+00,2.250692264063778314e+00,2.247070414526070259e+00,2.199330180701302151e+00,2.218062687809717382e+00,2.216291229521611950e+00,2.228415183667426192e+00,2.247111778835168217e+00,2.252725060655505374e+00,2.224226729058227825e+00,2.199933638265392677e+00,2.163038234528496417e+00,2.131161828593674201e+00,2.135667776246322536e+00,2.151945521894868207e+00,2.152572816771794351e+00,2.151831704218173602e+00,2.244384974736178151e+00,2.282032942716605728e+00,2.290796548278992706e+00,2.318470205887803726e+00,2.353808777378583628e+00,2.323912186453005457e+00,2.339118800933063458e+00,2.354126124774396089e+00,2.353817475829394379e+00,2.341245238455583078e+00,2.352323985573811171e+00,2.303394331543438867e+00,2.296682691182904801e+00,2.274969007163683887e+00,2.211846196363513428e+00,2.219315556695077518e+00,2.233149818273284293e+00,2.236843448638662135e+00,2.231539941684821837e+00,2.232956668346232743e+00,2.214254749818007628e+00,2.181700314876004576e+00,2.160667336100829949e+00,2.170378864286992115e+00,2.181866034007736932e+00,2.193262534550866949e+00,2.190512562684642894e+00,2.131163579234902627e+00,2.115740716886281181e+00,2.054361770730313452e+00,2.037544265345013539e+00,2.047331645012923307e+00,2.041594753682439478e+00,2.049858876197686808e+00,2.040579933939171919e+00,2.051520455397734199e+00,2.052011392676483137e+00,2.062836658033347259e+00,2.067806994938351295e+00,2.064522218123077124e+00,2.074581035740605817e+00,2.084548239604492981e+00,2.091402844669067118e+00,2.099514207769512808e+00,2.108531972954855060e+00,2.116578847577295974e+00,2.125521240853724958e+00,2.111689116685753653e+00,2.117716439813316143e+00
1.252630622368813285e+00,1.274771161137784103e+00,1.214732352158827355e+00,1.156012880406477317e+00,1.183227112733834518e+00,1.169062772087658741e+00,1.034501793594872154e+00,9.545950669697053081e-01,9.755360479272862095e-01,9.995849399948673053e-01,9.593262964925233227e-01,9.239585199339843680e-01,9.480083353634037868e-01,9.490152484223818297e-01,9.632156549597561401e-01,8.643793707072239263e-01,8.047042028406299341e-01,7.812827027744386754e-01,8.020888019979049988e-01,7.958670417606769076e-01,8.083166065959603852e-01,8.234185007504752907e-01,8.320499167908098626e-01,8.302243044156800700e-01,8.464144165757361282e-01,8.527994009123573971e-01,8.478482485644661670e-01,8.550828786225701528e-01,8.584069291946683222e-01,8.483006628825434658e-01,9.418071438567879872e-01,9.428548549831131664e-01,8.689977365027380385e-01,8.824682451062026978e-01,8.444748182671145686e-01,8.582709147795203330e-01,8.231596414190217592e-01,8.377374312091200315e-01,8.279211746574673958e-01,8.292169664465850465e-01,8.387784779626124010e-01,8.528712039540687906e-01,8.304827584921481431e-01,8.078649972837370630e-01,7.805054406828497715e-01,7.570939151181367288e-01,7.553004511010514843e-01,7.640654270330150544e-01,7.630268563584825525e-01,7.623395927659903926e-01,8.283807777262317540e-01,8.627851645404992498e-01,8.561479370363395125e-01,8.462053708959257348e-01,8.485729617384850654e-01,8.504263003922756248e-01,8.615254543181253277e-01,8.721546137951224908e-01,8.675348724529096112e-01,8.757928234765856024e-01,8.870400730843762682e-01,8.540569656587490011e-01,8.439119990472215838e-01,8.505820201567669825e-01,8.135698227953296335e-01,8.135726557167013429e-01,8.209555811581167317e-01,8.311157467591510084e-01,8.396215857992829212e-01,8.491421527601804575e-01,8.309315871437364942e-01,8.063562389534800756e-01,7.890393306508555193e-01,7.912034028957847243e-01,8.002769496761631407e-01,8.052644231232881644e-01,8.006678472345907238e-01,7.657247502290346342e-01,7.726904883073019148e-01,7.360102314051840677e-01,7.426164063915001723e-01,7.514929314104037417e-01,7.442033507533118986e-01,7.533793515144784347e-01,7.423981320341110912e-01,7.503008976109701855e-01,7.459338039892816630e-01,7.513947335355243284e-01,7.519894868385829101e-01,7.473521220049132996e-01,7.548269999821972664e-01,7.597411689470798812e-01,7.609020947827658254e-01,7.639349613789292448e-01,7.671518336801896876e-01,7.691119669263430936e-01,7.731915955727137746e-01,7.631918560261268247e-01,7.711823232802962336e-01
2.919736255816756554e+00,2.868233795658759799e+00,2.899953075290544913e+00,2.914079449653663278e+00,2.962893497128434639e+00,3.012006354064685532e+00,3.046990003866867358e+00,2.931615188773570413e+00,2.920267055387478106e+00,2.912598576488211410e+00,2.843789167219171965e+00,2.874109580239192052e+00,2.912886565061163058e+00,2.941613724707174526e+00,2.884216004565502534e+00,2.918747255903221038e+00,2.925686675041099694e+00,2.940752331271458964e+00,2.917029332215571369e+00,2.723107195910408063e+00,2.610016016475761091e+00,2.424844006530914253e+00,2.342273148250536341e+00,2.250975755367209619e+00,2.214253392619369709e+00,2.197986546687603848e+00,2.203342086965665914e+00,2.206733012779011904e+00,2.219045738458044870e+00,2.188706292084860117e+00,2.150694802367296266e+00,2.161493765017702628e+00,2.182721872109450789e+00,2.195281347838125452e+00,2.174991207584422437e+00,2.179448949122537726e+00,2.199832192880463833e+00,2.196064717486720497e+00,2.214899066026656094e+00,2.232324977774084562e+00,2.228093189394438234e+00,2.223487337525904106e+00,2.241104810040555950e+00,2.198328203164377381e+00,2.173668873396806589e+00,2.153084480916589438e+00,2.120749511822933364e+00,2.098292109467305266e+00,2.079151239896637637e+00,2.047041551142269267e+00,1.967323031707195469e+00,1.859934378158918600e+00,1.730337781802808061e+00,1.553845183965692378e+00,1.465234985119794997e+00,1.466250131540321133e+00,1.441320949925558370e+00,1.448977587816041357e+00,1.458047532855406780e+00,1.468746503519820390e+00,1.474833332515841366e+00,1.479083207790623966e+00,1.489303818268025825e+00,1.496809396035359674e+00,1.476438710778051000e+00,1.487800998109156225e+00,1.487871971935995408e+00,1.469273010204834806e+00,1.460084587509928422e+00,1.468225415822549174e+00,1.477505780715023365e+00,1.487967203984678966e+00,1.494551349087856362e+00,1.499009911446521404e+00,1.502122852501428962e+00,1.479105409206279198e+00,1.454646354425495280e+00,1.452647082640691201e+00,1.462621080317290989e+00,1.472111104711214979e+00,1.474142131029220204e+00,1.479189450477876200e+00,1.458764428571800886e+00,1.421978970038501711e+00,1.421797624680211536e+00,1.381077926893628627e+00,1.378989974503497917e+00,1.369541052543481463e+00,1.319984820737800213e+00,1.284466108066494083e+00,1.284662193048430767e+00,1.266561186419603358e+00,1.272911942169060673e+00,1.281101020338361929e+00,1.280374203554789370e+00,1.278662232229194506e+00,1.244069217616101231e+00,1.238509127244158403e+00,1.246547645857480680e+00
4.242237026377300602e+00,4.138687436769771466e+00,4.146452403110623131e+00,4.201756499179992943e+00,4.222261651313631070e+00,3.929521770154726923e+00,3.803812837024447724e+00,3.824948399983320257e+00,3.801427448752883187e+00,3.842198974739305939e+00,3.895621887511490744e+00,3.944702347245862217e+00,3.971042865788326548e+00,3.758040151971420162e+00,3.601979404248790928e+00,3.527663917066067523e+00,3.483027206451402957e+00,3.511932825184679086e+00,3.511215459494861690e+00,3.543271522184125555e+00,3.569295417286551420e+00,3.542134237084508808e+00,3.579419831422103737e+00,3.616495485066347992e+00,3.651441429615437606e+00,3.684284071472868849e+00,3.720486897585462138e+00,3.752520388552289532e+00,3.786949703009460766e+00,3.975031303639346536e+00,4.053390890166364890e+00,3.898140247397874347e+00,3.827342577234793985e+00,3.804295688421623467e+00,3.819038431153636726e+00,3.713461266040200215e+00,3.675008407362650775e+00,3.623158933523590086e+00,3.619627012645525888e+00,3.628878797907325815e+00,3.610397621222119824e+00,3.596802597397991352e+00,3.613115175791973943e+00,3.550719964381932936e+00,3.487506263122300609e+00,3.427482933792184383e+00,3.403849007197394805e+00,3.422934316260130672e+00,3.463678899817169921e+00,3.472574320382823210e+00,3.364450687911750393e+00,3.185864353683009131e+00,3.171851943068094926e+00,3.238419418654467030e+00,3.347385856403673809e+00,3.296564581406246308e+00,3.238301150619343094e+00,3.257042250973022579e+00,3.276140118466142503e+00,3.182121559146694700e+00,3.135001098064665204e+00,3.100514095608279064e+00,3.094948181711047130e+00,3.041555688103776856e+00,3.029181897367238641e+00,3.035579199127922845e+00,3.019711590463602047e+00,2.935119002316047609e+00,2.841745894352669666e+00,2.782580888970060062e+00,2.757743602437300101e+00,2.724317799709121690e+00,2.711353395155275514e+00,2.715410293606001613e+00,2.730411800023373914e+00,2.711785900750765421e+00,2.720230052059472658e+00,2.687467098853600689e+00,2.617213094994429223e+00,2.573184330617245053e+00,2.487135247622974887e+00,2.482688172287094375e+00,2.493830488708028259e+00,2.441372373050561873e+00,2.427677677009550283e+00,2.409411340563970327e+00,2.414502006324696470e+00,2.426357413563369203e+00,2.428404359801275891e+00,2.440482328915469346e+00,2.445906090892680407e+00,2.453641060384223582e+00,2.465186034798954928e+00,2.471090428171163200e+00,2.482791740965584193e+00,2.487818090536258797e+00,2.474781226430520231e+00,2.486210247954359076e+00,2.492438130411325670e+00
6.192692796056624260e+00,5.964194897707892018e+00,5.692820494751376081e+00,5.766172106915849582e+00,5.857170789069807704e+00,5.933684270718146081e+00,5.984269161320477259e+00,5.991363115198792499e+00,5.958853437349752369e+00,5.969005294154744234e+00,6.024912458556015871e+00,6.074084269193929408e+00,6.146385797073167900e+00,6.194278778502149585e+00,6.063175402083937016e+00,6.093411157918228405e+00,5.922304777392808361e+00,5.774699554681448355e+00,5.725027054782381164e+00,5.492095712520730366e+00,5.325309248502761328e+00,5.121084869512865900e+00,5.019203176492769813e+00,4.947920277710868397e+00,4.893022130888793342e+00,4.736217398164906278e+00,4.608823458532835815e+00,4.506761761141403255e+00,4.427469802507244978e+00,4.362772681698108279e+00,4.237871118345641896e+00,4.248488055084441051e+00,4.229238490352212665e+00,4.238485100044549370e+00,4.269440577701338668e+00,4.300121709718338181e+00,4.313830321885459895e+00,4.346764569694422597e+00,4.366931163020070450e+00,4.390736281483192727e+00,4.424249878222499710e+00,4.408361037698628415e+00,4.359317072113802816e+00,4.159697159119668974e+00,3.988601818585720604e+00,3.838684426756904244e+00,3.710705536531881066e+00,3.597679265425435258e+00,3.385501736933710593e+00,3.232878823508138488e+00,3.026113375980347797e+00,2.962137878571468264e+00,2.910222681581221771e+00,2.824272645531243242e+00,2.762848594977257655e+00,2.671373964969288028e+00,2.683576309673891380e+00,2.690105240774188999e+00,2.671447157183083565e+00,2.687851028986713242e+00,2.703311021069946918e+00,2.716731555409619414e+00,2.731858025564525949e+00,2.737584712953082811e+00,2.754146153742921932e+00,2.769503082976025432e+00,2.783535660891606422e+00,2.782691267942669189e+00,2.782062962003963857e+00,2.797917315756079049e+00,2.772189070283411549e+00,2.747918431206852752e+00,2.760890753242496221e+00,2.749846182815141482e+00,2.750729282504611906e+00,2.761158456585483645e+00,2.775168572245258147e+00,2.787206805510265450e+00,2.801127497323478988e+00,2.778678212416913151e+00,2.782086009340519972e+00,2.752364452116576210e+00,2.751599182371228913e+00,2.719153846265530916e+00,2.650974658136970419e+00,2.606682006755251191e+00,2.522075285877128259e+00,2.454825296717209504e+00,2.430302886428757692e+00,2.417748846275801000e+00,2.375091101989582398e+00,2.360530515222640791e+00,2.314701024526555795e+00,2.299124123490337013e+00,2.304554061401947518e+00,2.267683228410710239e+00,2.261838535651471194e+00,2.263816464972032261e+00,2.274432018465064154e+00
1.628608549446369791e+00,1.656289509417380179e+00,1.683639703492175288e+00,1.706637451653152615e+00,1.735815466110230743e+00,1.617947821523766372e+00,1.618968971803577350e+00,1.635699987875662176e+00,1.587869220987702557e+00,1.609183594526884864e+00,1.630153238388099224e+00,1.642178735947916302e+00,1.667456185650246558e+00,1.579193091789771186e+00,1.560844168682118394e+00,1.567568616905037571e+00,1.591512564600006785e+00,1.598308747465351010e+00,1.620760611212520130e+00,1.643228116497919666e+00,1.665637016997512765e+00,1.671276831515342565e+00,1.689089028975732765e+00,1.707266634585634213e+00,1.726282814204580296e+00,1.716680946516544903e+00,1.713175395867228890e+00,1.704308550683059087e+00,1.700881375783472649e+00,1.774423860550512488e+00,1.761050666062648817e+00,1.693951041641327926e+00,1.692317727280550299e+00,1.666057602563699724e+00,1.679845334164305592e+00,1.595101056408978479e+00,1.583069135724359811e+00,1.514881006477749592e+00,1.511352406049008446e+00,1.511624591639227688e+00,1.463894355553101212e+00,1.471919923342729142e+00,1.484248600586439482e+00,1.481949690223098637e+00,1.481095500437281887e+00,1.478784187699369035e+00,1.481305939649502523e+00,1.495141494005121752e+00,1.564769333109325755e+00,1.577726004671951676e+00,1.523281870014978390e+00,1.444555933680566673e+00,1.447071288010910006e+00,1.492640654864493710e+00,1.577960193848707782e+00,1.586957094872572860e+00,1.529935666809878247e+00,1.542144971275326570e+00,1.535294881044342974e+00,1.464966408257128982e+00,1.410591752730044446e+00,1.400919307360429800e+00,1.397918198812391211e+00,1.363892400637953140e+00,1.368416502647739064e+00,1.369445197160525041e+00,1.333107148184142998e+00,1.273474623231908076e+00,1.216023860738627560e+00,1.162540189501013010e+00,1.160066354904714769e+00,1.157170359745983923e+00,1.155043816334547557e+00,1.159134035850531319e+00,1.168426136274931304e+00,1.138592020899089841e+00,1.128869131158343198e+00,1.124779515842911692e+00,1.077133946841450030e+00,1.076563125073967120e+00,1.035628559316776665e+00,1.012558050833058720e+00,1.019763084423204402e+00,9.929000719565519439e-01,9.990645829287052582e-01,9.966043900417850265e-01,1.004509961289229869e+00,1.011391436549333278e+00,1.012282369909254243e+00,1.020723764327178928e+00,1.013401991279936354e+00,1.021260348265192741e+00,1.018623713697281996e+00,1.004139569588521796e+00,1.011802112468864978e+00,1.018582945724631594e+00,1.001884302045650266e+00,9.974378110447293944e-01,1.005024539540249284e+00
5.083207633955652227e+00,5.031958208028502355e+00,4.930647795119660337e+00,5.012261073602267025e+00,5.085267627029630866e+00,5.100629447152953411e+00,5.073256840550546265e+00,5.137824964607601075e+00,5.176904536339681506e+00,5.173777063983960645e+00,5.219959259246099492e+00,5.285912640601393875e+00,5.351999147580304594e+00,5.342670836707934079e+00,5.238058546633069135e+00,5.201855676964703967e+00,5.057038253878984868e+00,5.031551548639949800e+00,5.058380660988111899e+00,5.003384099265124618e+00,4.984775549427163277e+00,4.835436197100991151e+00,4.850057147310821826e+00,4.866451725476128587e+00,4.894724876113595080e+00,4.853986017523308938e+00,4.835955134513432618e+00,4.835132063102252076e+00,4.845191931663028306e+00,4.895269795751175046e+00,4.866971973168547017e+00,4.844490186712230972e+00,4.785423530773980971e+00,4.825322102718375916e+00,4.863048265743694643e+00,4.844351047677296407e+00,4.790547781739235234e+00,4.782383818989040414e+00,4.742640318839233871e+00,4.713972129559089730e+00,4.723310637829227332e+00,4.742060587059109267e+00,4.738934330616341839e+00,4.522719775067525205e+00,4.341950020127393728e+00,4.172803140567325819e+00,4.019246197097468887e+00,3.956873644961433900e+00,3.810166715876391219e+00,3.648590562156922790e+00,3.409161049271893784e+00,3.294206466968490510e+00,3.231255365034259253e+00,3.235144136113793589e+00,3.249138833324729081e+00,3.231254630703682018e+00,3.188427172860953007e+00,3.205919315828291705e+00,3.225349192385062125e+00,3.214980929655858244e+00,3.209571922988017523e+00,3.171089033650192679e+00,3.140672714605853066e+00,3.158872513615916588e+00,3.166544457626993214e+00,3.143675552492780856e+00,3.148870748464518865e+00,3.097084033364861710e+00,3.051855840147862153e+00,3.047578263136486942e+00,2.962671572032348433e+00,2.885471489255331257e+00,2.861508465987639749e+00,2.802515592535622879e+00,2.775853801080379046e+00,2.760959060838424239e+00,2.763989864010416131e+00,2.745570325411028190e+00,2.751426674711184628e+00,2.695579472585874381e+00,2.679304474845949802e+00,2.688384014076591555e+00,2.702051648167369979e+00,2.653098257774533231e+00,2.562915590769982987e+00,2.537795278901153750e+00,2.478069165905742999e+00,2.427591190767324214e+00,2.414142814545090054e+00,2.422947346369368038e+00,2.416393506333193830e+00,2.424995568233557997e+00,2.418351653524062339e+00,2.429133176525042348e+00,2.438045807227468664e+00,2.376959315464803435e+00,2.355480512163284690e+00,2.366462237373245348e+00,2.369664943027451454e+00
1.171600050793489167e+00,1.187199003680271536e+00,1.106678704717507511e+00,1.000931402674845483e+00,1.019347638221165031e+00,1.033999686558916942e+00,1.049500205702164735e+00,1.069994540937418526e+00,1.078357059068046686e+00,1.102893969256723006e+00,1.070006540994153488e+00,1.002677003061288152e+00,1.021537858397319587e+00,1.023853379385880835e+00,1.044649685125253136e+00,1.061856154869528668e+00,1.062605223037284219e+00,1.010280559721784321e+00,1.028500456495019089e+00,1.049045955279976905e+00,1.067809752188331407e+00,1.068821886378941821e+00,1.085662004686814841e+00,1.104825086544423351e+00,1.118896532101367081e+00,1.104593562544976093e+00,1.077742146566010417e+00,1.057499768286033870e+00,1.034131455046309211e+00,1.061650805637760042e+00,1.040501339067684050e+00,1.036398561767762905e+00,1.051356382453652261e+00,1.052336992050303843e+00,1.065410126784893441e+00,1.015794302460623744e+00,1.025509573343219127e+00,9.580303459965280322e-01,9.621383916489673060e-01,9.627637567671187835e-01,8.978877279262307276e-01,9.120881752438644297e-01,8.953024886464776566e-01,9.075465989981655879e-01,9.209332715393936386e-01,9.335525361094622054e-01,9.423656678312142265e-01,9.543046950404964202e-01,1.027757489996320661e+00,1.037425229249451242e+00,1.010535073822216967e+00,1.007896062918552715e+00,9.952582164067156345e-01,9.774704583129864011e-01,1.019600184274322530e+00,1.025010318148840360e+00,9.692861433011477068e-01,9.754483424993833918e-01,9.384095401046912421e-01,9.034794996117231358e-01,8.561648424178942562e-01,8.655665260917687620e-01,8.707479705247738178e-01,8.693923469668134452e-01,8.779397160525861388e-01,8.804598189106002115e-01,8.338677380527710348e-01,7.969721089934481695e-01,7.722457095593020515e-01,7.429833416912926536e-01,7.521644089907371100e-01,7.622924527577489284e-01,7.714079647073702750e-01,7.766317399381589270e-01,7.820470068941240971e-01,7.436131240943418819e-01,7.074968822457646800e-01,7.170984886558423588e-01,7.070712074899407895e-01,7.148092478669596517e-01,7.115407417319643546e-01,6.965970489979111946e-01,7.060675759517147654e-01,6.956130003135453377e-01,7.045531817971701916e-01,7.083249948666313633e-01,7.107529352714453408e-01,7.182668362896694747e-01,7.144197888031499355e-01,7.211147525460723795e-01,7.190281891721947982e-01,7.276324559751087273e-01,7.172935084141386364e-01,6.930806550318905357e-01,7.010058239720072804e-01,7.089567994192822464e-01,6.883244395630122581e-01,6.528788750919901629e-01,6.587244092298260023e-01
2.916733826616570990e+00,2.945328732797434235e+00,2.921655850373529706e+00,2.740106321537639111e+00,2.698930512382299529e+00,2.677334322030163083e+00,2.584332946333721903e+00,2.422990898369973944e+00,2.388726354236031746e+00,2.315017489211882218e+00,2.143986617862078781e+00,2.033876953306595681e+00,2.023659183665309502e+00,2.037116843813961520e+00,2.066728304823735929e+00,2.027068992291808591e+00,2.039965476660040355e+00,2.037453476085039128e+00,2.064152021829722017e+00,1.992180123900156863e+00,1.990698914952050647e+00,1.906391765149637374e+00,1.903700823895369432e+00,1.860693024224770120e+00,1.879354798909799396e+00,1.897000612280621334e+00,1.916504696844957278e+00,1.938379571982650207e+00,1.956803764928334299e+00,1.945444112808042636e+00,1.990559228685728543e+00,2.003082078719448322e+00,1.980344639854041855e+00,1.983196341962914389e+00,1.942883034427356659e+00,1.953817944248195326e+00,1.971621051698702498e+00,1.952659573229129863e+00,1.967143989405588878e+00,1.973259170152088515e+00,1.942849124261718297e+00,1.957739767055007407e+00,1.948069114722903450e+00,1.957836934448934585e+00,1.974014143535825161e+00,1.989688775778536201e+00,1.989059690751078247e+00,1.995762760020540538e+00,2.029039724978018988e+00,2.007668121422946150e+00,2.035059047016805955e+00,2.074214010571842515e+00,2.009696906640342728e+00,1.921776364993581510e+00,1.898958274913101540e+00,1.883762792390533791e+00,1.863111814252547571e+00,1.867762065496750390e+00,1.841757839619413417e+00,1.855314556662045256e+00,1.858190178110096236e+00,1.859968034983412677e+00,1.873172239909413284e+00,1.871165529083931967e+00,1.834735054989558023e+00,1.844104015054111478e+00,1.831450047908153245e+00,1.833574892009029789e+00,1.843615765998174671e+00,1.854656946142530849e+00,1.866655320386481076e+00,1.875396326233226052e+00,1.883171382751149370e+00,1.886650987299427706e+00,1.877152626735695717e+00,1.855995183668057047e+00,1.813174287414267782e+00,1.795167792736654055e+00,1.802121754945626320e+00,1.790857766660767680e+00,1.799735338353207537e+00,1.810404844433393778e+00,1.810187340041500947e+00,1.811551396567975480e+00,1.822006348742006399e+00,1.825611596210691134e+00,1.835685583619949712e+00,1.840831441372564159e+00,1.824439329746010641e+00,1.815864722188494262e+00,1.824431698467484875e+00,1.832659416918333894e+00,1.839643570032742259e+00,1.839756394120555028e+00,1.849455487948266752e+00,1.854265828951156436e+00,1.838892443285167211e+00,1.801349469002459847e+00,1.796872010988330937e+00
2.046484804833644144e+00,2.048497554778955454e+00,1.973037757064161513e+00,1.837141771706433113e+00,1.829885706094479092e+00,1.851380567038165781e+00,1.882120737343274230e+00,1.911666055923359364e+00,1.934861974443186305e+00,1.952102633552900146e+00,1.912789079020127625e+00,1.831655328666686566e+00,1.837231999754957101e+00,1.841013392435378648e+00,1.866591237729456010e+00,1.893904588101585240e+00,1.910814619088571531e+00,1.859879650489613789e+00,1.873766778606803296e+00,1.898935855611335377e+00,1.919190905024700911e+00,1.913384522189954806e+00,1.930754269611425933e+00,1.954316013923862005e+00,1.967243975191330874e+00,1.969821133695350390e+00,1.955930528037309601e+00,1.947608361327310522e+00,1.933443998141627373e+00,1.969964801858000047e+00,1.943760085269843119e+00,1.939900431748416310e+00,1.959691835897638734e+00,1.967434322468504249e+00,1.986816456428063704e+00,1.918488771461537290e+00,1.912215238424800123e+00,1.818795762487175116e+00,1.798888917016635114e+00,1.772883625848906242e+00,1.686339638728594270e+00,1.701110961138365685e+00,1.691350956558444807e+00,1.690847102441286776e+00,1.698327404011355846e+00,1.703507654461051235e+00,1.697504780694088611e+00,1.712513317476231034e+00,1.799749075423444644e+00,1.800855222953829937e+00,1.754924541787797665e+00,1.757516387216967235e+00,1.749549370954991412e+00,1.752437316847275550e+00,1.808049639477888881e+00,1.837048697627611027e+00,1.756515215793884144e+00,1.752045387667253484e+00,1.707989664255367135e+00,1.660630258514010027e+00,1.595117631176069084e+00,1.595303810439100856e+00,1.584728408811161282e+00,1.586008006261022452e+00,1.597729098785958035e+00,1.582328695588456124e+00,1.519889088481011674e+00,1.466142691352223304e+00,1.429999731339448132e+00,1.389904012205319672e+00,1.388093135055678218e+00,1.392276718113610645e+00,1.393759775981130433e+00,1.383093973518244368e+00,1.374740292243686879e+00,1.321428989558845135e+00,1.273021973632423309e+00,1.281938425661731440e+00,1.270754513560244270e+00,1.280264201613465325e+00,1.276456157742259956e+00,1.261346204947916494e+00,1.269483117031555697e+00,1.253622113900728197e+00,1.261420507618995268e+00,1.265608432922047166e+00,1.272234802849496305e+00,1.281083023618815320e+00,1.276407864884770316e+00,1.284405084186377222e+00,1.285662236706724304e+00,1.293861209330181339e+00,1.285546468747857274e+00,1.256814909816181824e+00,1.259481647855480668e+00,1.260726706177976331e+00,1.232175107457502916e+00,1.186560092295546154e+00,1.182085885052364560e+00
2.017945684206262413e+00,1.941619199108024274e+00,1.749771788049967025e+00,1.702773813280981097e+00,1.730977762462131864e+00,1.765112938163987621e+00,1.769521916247194682e+00,1.796682443633349946e+00,1.776108617987650629e+00,1.797706548267004489e+00,1.822882070891279183e+00,1.787245192823124773e+00,1.809977558885860871e+00,1.838157495627964932e+00,1.828533404992517486e+00,1.834180582585420494e+00,1.758293539295493479e+00,1.638958259266464212e+00,1.624728542822375443e+00,1.585807331758452010e+00,1.547106800149386174e+00,1.544803877639048251e+00,1.521440700672405555e+00,1.517944957205001666e+00,1.501814951504527818e+00,1.416279808936724782e+00,1.322215620024125071e+00,1.242203298485140550e+00,1.163734185045515845e+00,1.119442441883165218e+00,1.063300305185618022e+00,1.079819553963877077e+00,1.070716100154997186e+00,1.059202247193881785e+00,1.074883532391333718e+00,1.070426898290880890e+00,1.084842471284605203e+00,1.068725794699441289e+00,1.083572215602055300e+00,1.097554975900752350e+00,1.079172932275590746e+00,1.078199878492064112e+00,1.016519297939106670e+00,9.757542185787194677e-01,9.348981172431222175e-01,9.044591685067089326e-01,8.918513204798022009e-01,8.558481630365016857e-01,8.324583825989119168e-01,8.111353522577765540e-01,8.113301460890300909e-01,8.924167564182788892e-01,9.372584563022574589e-01,9.554826606431203739e-01,9.885551038772668608e-01,9.631358071062401383e-01,9.497409511085175282e-01,9.510123701036904409e-01,9.000121112249998001e-01,8.837314759753691629e-01,8.576939272309801465e-01,8.688070396173380727e-01,8.788807371165533455e-01,8.752257399746767863e-01,8.846072440684621396e-01,8.931016719671190929e-01,8.657816991464195588e-01,8.682944227063371656e-01,8.744577597834612970e-01,8.655899879292473509e-01,8.699991774617321649e-01,8.720677973693873319e-01,8.819477739745259504e-01,8.909921425907719739e-01,9.006617313150292459e-01,8.964473879496226427e-01,8.888667699612067263e-01,8.963435290800418898e-01,8.960401511896245452e-01,8.896563040253188115e-01,8.984340743823252540e-01,8.695685974368021487e-01,8.763796145340566612e-01,8.852649132881673655e-01,8.729093222338668578e-01,8.782158560199059272e-01,8.489026678284939953e-01,8.348877370792341379e-01,8.434868138578017760e-01,8.509470414534159310e-01,8.305697183571217890e-01,8.351187695624181506e-01,8.037220164076036566e-01,7.729634013187495212e-01,7.787729269755869765e-01,7.804470554640012825e-01,7.848213514570133720e-01,7.573926186009017902e-01,7.637983699563239970e-01
3.567591160871775191e+00,3.320644297274379930e+00,3.246341774078411291e+00,3.298545668709479184e+00,3.319922396099149076e+00,3.271772682122537468e+00,3.297934049409468216e+00,3.314469456310578099e+00,3.362061685146846113e+00,3.408607696914120133e+00,3.431271076618582772e+00,3.473987905877891524e+00,3.490495479196726425e+00,3.442137193205363488e+00,3.274396863924673440e+00,3.296520883888932829e+00,3.240496617965034520e+00,3.212229061976153766e+00,3.132261507206127504e+00,2.990504620993427842e+00,2.876243229362241305e+00,2.719952676821107751e+00,2.660104236895782570e+00,2.627165359236760089e+00,2.589516302438964690e+00,2.593924209789970625e+00,2.596663870312096112e+00,2.608169792283842714e+00,2.620017669264337101e+00,2.705963372983259507e+00,2.716203942042273223e+00,2.656513315663655561e+00,2.653678596291618952e+00,2.676559249688969189e+00,2.696641593326167374e+00,2.679012133503147819e+00,2.694828929112612848e+00,2.693313264793312456e+00,2.714219561101850697e+00,2.736229077384506159e+00,2.743105459507300559e+00,2.701537286380433667e+00,2.703900294774092661e+00,2.635980909369462388e+00,2.575409595339219759e+00,2.522432497954653741e+00,2.488745543089220469e+00,2.475802446599125073e+00,2.448857163302209816e+00,2.455272886097616514e+00,2.322634611016092254e+00,2.141128985807652541e+00,2.043617925667985169e+00,1.921445114589096947e+00,1.864793070680056619e+00,1.772943214392942224e+00,1.747167788590635817e+00,1.737020325466201998e+00,1.749166335754957391e+00,1.737298616844181298e+00,1.737026560258326802e+00,1.748730238763401168e+00,1.761506005942603537e+00,1.764925549147217110e+00,1.777239402405337954e+00,1.789390041764690187e+00,1.793974458172412856e+00,1.751304155582603661e+00,1.707069206188130517e+00,1.701862200785190904e+00,1.702966012039563770e+00,1.701778208944222825e+00,1.713001184682741540e+00,1.721244878635271203e+00,1.732436722251099681e+00,1.719109822928343023e+00,1.720672511344614630e+00,1.729991248135682058e+00,1.721538571536063156e+00,1.715927760924949030e+00,1.676341276964998350e+00,1.686114500140554640e+00,1.681147507360055693e+00,1.622919090583543777e+00,1.610320699029579528e+00,1.554468127775861630e+00,1.543240197250515422e+00,1.541977123130179761e+00,1.510099212043267025e+00,1.496315437181420016e+00,1.503608911484026978e+00,1.480615647555770797e+00,1.484661811794090402e+00,1.493325992735347274e+00,1.488876719504558466e+00,1.490887973413536072e+00,1.466901198886050750e+00,1.475424667870345763e+00,1.473393345291045708e+00
3.992342800757560539e+00,4.064200628518107372e+00,4.125206217467131786e+00,4.194543833682002898e+00,4.246896453513477887e+00,4.014309511564749577e+00,3.929915839715224735e+00,3.815483782092628395e+00,3.628367552957259434e+00,3.627002215489648407e+00,3.668318359068216239e+00,3.714391487107657763e+00,3.761047074772322585e+00,3.612926479848274752e+00,3.632529049309916935e+00,3.593938725770307041e+00,3.636955824967618156e+00,3.644060243086121087e+00,3.681692006970689768e+00,3.640162382159399357e+00,3.632975187298651765e+00,3.671460830922130381e+00,3.647920389136850794e+00,3.620488265315057852e+00,3.624533145580946414e+00,3.573239616545746511e+00,3.553894709606574498e+00,3.515662298138469755e+00,3.498006190228703627e+00,3.550842254119709107e+00,3.550945855387319217e+00,3.418805675677916600e+00,3.366721963181903643e+00,3.272350365261021743e+00,3.245029508680090213e+00,3.097554549420323600e+00,3.032324177191237258e+00,2.937661883396146756e+00,2.909221633253558092e+00,2.896763112901750592e+00,2.844298410225442275e+00,2.863817990513534806e+00,2.884976162187783633e+00,2.890450047039628156e+00,2.892516399003305150e+00,2.891743028834345530e+00,2.905080519421699758e+00,2.917761592921019886e+00,3.008918850010242174e+00,3.024314710440419329e+00,3.040904411737102908e+00,2.979757491996313234e+00,3.054223106432576440e+00,3.229785663529212592e+00,3.401909401518107057e+00,3.460239456487940846e+00,3.399954263497493745e+00,3.417924333210071719e+00,3.420733227849888980e+00,3.292678212625910650e+00,3.212642863781523861e+00,3.154141905504630916e+00,3.127862664031822337e+00,3.040799563888038737e+00,3.005810689508428002e+00,2.995935676135819570e+00,2.955523277123979664e+00,2.883624319917419410e+00,2.806713720283685820e+00,2.720443038815682613e+00,2.703829997109668870e+00,2.681469349172174610e+00,2.650729381842678034e+00,2.656563739095949561e+00,2.671329672877278849e+00,2.655604197814023237e+00,2.663796202743837771e+00,2.615337363335011656e+00,2.523887671877661720e+00,2.498662034770609441e+00,2.437112721705673390e+00,2.385425454343952811e+00,2.372703175587925983e+00,2.359439725060868298e+00,2.367061792342432192e+00,2.377601481197310740e+00,2.387917283920823586e+00,2.392176868454804151e+00,2.404222478590903211e+00,2.404237454498378668e+00,2.381002633966053494e+00,2.390277173007668843e+00,2.385276185887278633e+00,2.367900745804110141e+00,2.372435455917801139e+00,2.382699916923567862e+00,2.381607694171413492e+00,2.388723102085614336e+00,2.399471196747736457e+00
3.309415846490370239e+00,3.333711593780201987e+00,3.306035460935527137e+00,3.362628125610524599e+00,3.396407710599968599e+00,3.364114260668185530e+00,3.397544224184586348e+00,3.292244331799999646e+00,3.106634716126862372e+00,3.035735586898927085e+00,3.043746077802415240e+00,3.082744946467152580e+00,3.120805785743787641e+00,3.129761891679217811e+00,3.156136054462790774e+00,3.192826430060649479e+00,3.181155982332696919e+00,3.132187228366422715e+00,3.145061695131352142e+00,2.996740186885098023e+00,2.916325890253156583e+00,2.857962241222984368e+00,2.785788871150948420e+00,2.707902949507163815e+00,2.679068743127352548e+00,2.530451810020667658e+00,2.437566750079650735e+00,2.332636384034132870e+00,2.261394566076166512e+00,2.149713709434248443e+00,1.988019031887292343e+00,1.967933567409085649e+00,1.984145189109207452e+00,1.883837583345086220e+00,1.861627298291934851e+00,1.838071187946697549e+00,1.851725815017787768e+00,1.848794104619442491e+00,1.866506101369574289e+00,1.884166923279698924e+00,1.889279393827637987e+00,1.904655222613454990e+00,1.896613838120436712e+00,1.860525003239500208e+00,1.842547903369445406e+00,1.832092303476276385e+00,1.806847939511966095e+00,1.741070027115042107e+00,1.683945701040582277e+00,1.615855105900858568e+00,1.620673589916389545e+00,1.645868791224509353e+00,1.690469034013964311e+00,1.772152579532223493e+00,1.842712759182416171e+00,1.873353259569543461e+00,1.874064360659206452e+00,1.887269844849083000e+00,1.883164811637195069e+00,1.828418784978545375e+00,1.802451003100614013e+00,1.797627923563318797e+00,1.804735765040260453e+00,1.733959292798238794e+00,1.717494354477906437e+00,1.728283294265975822e+00,1.719762329138953216e+00,1.719938122336029052e+00,1.716445876551395244e+00,1.689576380538712508e+00,1.700754438400408963e+00,1.712187808845436976e+00,1.716405838992536292e+00,1.722912267202474368e+00,1.721627637443382097e+00,1.730870824406352870e+00,1.741837665991719408e+00,1.735600292587656579e+00,1.694827833340128764e+00,1.704295723478546298e+00,1.697084147848691993e+00,1.644263082602093196e+00,1.634831972639893882e+00,1.644661592014123652e+00,1.641461901720841610e+00,1.644682134971432896e+00,1.622531056152725304e+00,1.587218496517563526e+00,1.586057694843982402e+00,1.576117329609477258e+00,1.529428358925626119e+00,1.531566166900278025e+00,1.507170544561477143e+00,1.490783526945424597e+00,1.496952043563318346e+00,1.491287422095735504e+00,1.499735899557484986e+00,1.506984479559986490e+00,1.511366999728560145e+00
2.622763843173896881e+00,2.657832027442165845e+00,2.706285380493720805e+00,2.725374214721808741e+00,2.686814831667181380e+00,2.530304032566914163e+00,2.502538909118790844e+00,2.405623838034200546e+00,2.208100322198957244e+00,2.092908647354613016e+00,2.082240901715404657e+00,2.109904854065083324e+00,2.099062322124113589e+00,2.012449672317071503e+00,2.030546741189582338e+00,2.032949037044018414e+00,2.058290144313013492e+00,2.072230984435232681e+00,2.098734791713997794e+00,2.050505866176192349e+00,2.048248932193975413e+00,2.045783195379925257e+00,2.035101010474890781e+00,2.002031428858287221e+00,2.013781512410069752e+00,1.928401368087177881e+00,1.899134049796748602e+00,1.852284904465174797e+00,1.833528554783272924e+00,1.832542387580293752e+00,1.764951074780792606e+00,1.683253057292371402e+00,1.674516588968852693e+00,1.574568837481749028e+00,1.556128427393511204e+00,1.518055328104761958e+00,1.527668714604557110e+00,1.526185229746100491e+00,1.542397601301199073e+00,1.556303180681179121e+00,1.564644687240771326e+00,1.568619238891146628e+00,1.583422953860162741e+00,1.590103881099434791e+00,1.603278713364744368e+00,1.617083779301708990e+00,1.619402630485589745e+00,1.600943476876922844e+00,1.598962392102848851e+00,1.584000753857739197e+00,1.600300650219535603e+00,1.582036849028880088e+00,1.613915231918771287e+00,1.705290714888561432e+00,1.781985916670384418e+00,1.771232391376475590e+00,1.773249274615310345e+00,1.781660860296723881e+00,1.793410164825463227e+00,1.742804527299936401e+00,1.729333053233479189e+00,1.726755168254107353e+00,1.737821951903590234e+00,1.665354257463524945e+00,1.648510485182526297e+00,1.660412547724720467e+00,1.662446783048516341e+00,1.654572188857270643e+00,1.638245612951175101e+00,1.614730867798548353e+00,1.625968486634036259e+00,1.635245087082060511e+00,1.641420842949889325e+00,1.647042427851436619e+00,1.638828034567443526e+00,1.647860474959329968e+00,1.657720533069495961e+00,1.646862186029248276e+00,1.597195786069723011e+00,1.597402579570305070e+00,1.567110691386327970e+00,1.540489228735842042e+00,1.544273631434929017e+00,1.550316897061566834e+00,1.557952229877602290e+00,1.567442613252103545e+00,1.568864025694399533e+00,1.554779392218747169e+00,1.562133148375698610e+00,1.565115124605079400e+00,1.542501763042338769e+00,1.551634154448435554e+00,1.550354076020294736e+00,1.551710209854926248e+00,1.560386913411910381e+00,1.560908676809624307e+00,1.569597245238378624e+00,1.577411425663621580e+00,1.569990264756254694e+00
3.483579873330199028e+00,3.168417592154269435e+00,3.050857086239400662e+00,3.072081896295332459e+00,3.039127437422170619e+00,3.074053088197140404e+00,3.123065752953310792e+00,3.080234458315164403e+00,3.105487782119136675e+00,3.150987202427351974e+00,3.184863452861630417e+00,3.201645898930485235e+00,3.172696421827828406e+00,3.197949658202308143e+00,3.099649058033941529e+00,3.138337055617275162e+00,3.121931502021316529e+00,3.044018444255030431e+00,2.901447730672506164e+00,2.684250233373234984e+00,2.481559495971024543e+00,2.391346769146175610e+00,2.237367792672197098e+00,2.142610457680262481e+00,2.017198995620202329e+00,1.992656623758497725e+00,1.956947184843757626e+00,1.929776852562013589e+00,1.901322693608938685e+00,1.834926207039207169e+00,1.830624912093498535e+00,1.835945677865080450e+00,1.855275875643723094e+00,1.868438997991897832e+00,1.847943113562978024e+00,1.864035358791627850e+00,1.852943757202902830e+00,1.863052545108988323e+00,1.838413019161806883e+00,1.810178546192942717e+00,1.821177779915240658e+00,1.735416221490126532e+00,1.718724302621206679e+00,1.719040936188054092e+00,1.717471089712610199e+00,1.721027066899792901e+00,1.732214346256339521e+00,1.723692678132551004e+00,1.708126946600610374e+00,1.794511487009920137e+00,1.836884208374874872e+00,1.794147687309217254e+00,1.789315067250002889e+00,1.750890708634338377e+00,1.669701936561480915e+00,1.688854838210763543e+00,1.698621961496814770e+00,1.628501467561093152e+00,1.615322575399081417e+00,1.619322746156565129e+00,1.616239210591907005e+00,1.589289947648334866e+00,1.550078738962584746e+00,1.560915238756291901e+00,1.551505625229244290e+00,1.510065228298441919e+00,1.510251154838550214e+00,1.521420244942992772e+00,1.531704416355125886e+00,1.537693430449334153e+00,1.538653836531719277e+00,1.544088955561408127e+00,1.525183637132427661e+00,1.521250814337212542e+00,1.515065906007545316e+00,1.525527000478212214e+00,1.535688795491087166e+00,1.532448785796555635e+00,1.542652097546948653e+00,1.552773879797076484e+00,1.552674056548583925e+00,1.546096691846442717e+00,1.503299848375742709e+00,1.492817967991255212e+00,1.501517732351183687e+00,1.463281892628587988e+00,1.461814049020539352e+00,1.467588988244954873e+00,1.450437589712487707e+00,1.419454131204052505e+00,1.420793708212886752e+00,1.375900063429692732e+00,1.370625307251880365e+00,1.364259850143979103e+00,1.321566704637051393e+00,1.328100241777540713e+00,1.332053050693158269e+00,1.330477681545691571e+00,1.297776802844572863e+00
3.823262578719569760e+00,3.773141573279038763e+00,3.807547157600125409e+00,3.684926478295300178e+00,3.480738536573376063e+00,3.518139838299679578e+00,3.573384654093593404e+00,3.608771982533836020e+00,3.605475559210298275e+00,3.452592520401843945e+00,3.410511558650148878e+00,3.364852811400568466e+00,3.253148347013914421e+00,3.295927407328120395e+00,3.338188743394474134e+00,3.369752699588146605e+00,3.402794865184322060e+00,3.425214516837892909e+00,3.414172830532115288e+00,3.450070721719663336e+00,3.485630211774135567e+00,3.453506793813485576e+00,3.487442944000294975e+00,3.521314487060385634e+00,3.546026522809425430e+00,3.559037437453692387e+00,3.593261335582978777e+00,3.625904303805731033e+00,3.660410532327520006e+00,3.659008823380204944e+00,3.586694125075841288e+00,3.618826687389268493e+00,3.639015173915030044e+00,3.664636653328184668e+00,3.695933920311791798e+00,3.680601932532922227e+00,3.626122474108031124e+00,3.574582536278362532e+00,3.475373544155310856e+00,3.359340544225962066e+00,3.314033293779835798e+00,3.318147627090550333e+00,3.341364051219542386e+00,3.251037482065159523e+00,3.203671558822914989e+00,3.155222400343279610e+00,3.060833746148732715e+00,3.047947576383663648e+00,3.020416280748584814e+00,2.953523048165947351e+00,2.881375966683258127e+00,2.925302819767226392e+00,2.927819434172133750e+00,3.010267598152424284e+00,3.018731544384217536e+00,3.092018640251484207e+00,3.035377684072233961e+00,2.976583393974178815e+00,2.962809541235226884e+00,2.963131678159061533e+00,2.937146075841086557e+00,2.913329061833960232e+00,2.853385128642331736e+00,2.865951817613199726e+00,2.883028863580632262e+00,2.805145765640308930e+00,2.776987221021917751e+00,2.754416669456317024e+00,2.750119344390985265e+00,2.748732013085725345e+00,2.695564065604288295e+00,2.668831649844115361e+00,2.646598778692461629e+00,2.561568250534589808e+00,2.471817962074220887e+00,2.441888925821947165e+00,2.407199063171878706e+00,2.414460913006829301e+00,2.427604182112171216e+00,2.435211859502381504e+00,2.448142384950630746e+00,2.461071521057613509e+00,2.465374494528960625e+00,2.466353027083144411e+00,2.444239717568230219e+00,2.456386725006154403e+00,2.458595220136060799e+00,2.439221129711703906e+00,2.443438679128303814e+00,2.455513056364150959e+00,2.462170500512249838e+00,2.465611779810776394e+00,2.477438482160275957e+00,2.478629916663827704e+00,2.458397916716660525e+00,2.410126337083148496e+00,2.396847683873724932e+00,2.368354728616987703e+00,2.305111316292498103e+00
3.090109961245977921e+00,3.078574937821363378e+00,3.125594481594843099e+00,3.180167135281408264e+00,3.220548018531314671e+00,3.191976600651169171e+00,3.097425255658088350e+00,2.936940594386782344e+00,2.899247137902496885e+00,2.940568805409729869e+00,2.956021903468160517e+00,2.996458667184240365e+00,3.014029801381099105e+00,3.009822909884170450e+00,3.046839948977894341e+00,2.985760439898972329e+00,3.020733677810829576e+00,3.031353538776223822e+00,3.001400099614162098e+00,2.874919423484765701e+00,2.787731386525646116e+00,2.799888537321630011e+00,2.714535513702690750e+00,2.646144014400411582e+00,2.597786018397359786e+00,2.604653581691844355e+00,2.616917151090083937e+00,2.620860802108171406e+00,2.629720347641078426e+00,2.564533314244143547e+00,2.631997157933346099e+00,2.611925737211670207e+00,2.541781084028448934e+00,2.524020235696839087e+00,2.457281669629619358e+00,2.403936859540998228e+00,2.286439464179985670e+00,2.250630148775025319e+00,2.156885420777292506e+00,2.080813968544608095e+00,2.067964248411982897e+00,2.072310197359935380e+00,2.090381761223903290e+00,2.076405148984574289e+00,2.064262550338185065e+00,2.049605317181972364e+00,2.045362273226363659e+00,2.060777291920975696e+00,2.092669018575358919e+00,2.123505726212551181e+00,2.244989936439505396e+00,2.264207613366926442e+00,2.320422696215819869e+00,2.436981014086145425e+00,2.491832674660634961e+00,2.616895714420838015e+00,2.599459971445398754e+00,2.581601370725475242e+00,2.591259413380994747e+00,2.540246902206492852e+00,2.506838724944718599e+00,2.410436327854607708e+00,2.337647786174168019e+00,2.318451199076703162e+00,2.259407052650890257e+00,2.203779076931923875e+00,2.192656846899204481e+00,2.174226236009707769e+00,2.155934328564704128e+00,2.124814670253280191e+00,2.073677171578577560e+00,2.023212474896621149e+00,1.953611706908704893e+00,1.928395621518891545e+00,1.925345574350709299e+00,1.930445156711464882e+00,1.941852125954081743e+00,1.869080308687091296e+00,1.847044892960490570e+00,1.807992149866793907e+00,1.805197034926869559e+00,1.790240375466518596e+00,1.736977642557162804e+00,1.746074447258917361e+00,1.739014355591885774e+00,1.742583757916916110e+00,1.752279951677538916e+00,1.762306543348991950e+00,1.762764009768118978e+00,1.735061653627240741e+00,1.736522035333099234e+00,1.719739035964880758e+00,1.725528699770302321e+00,1.723806466494405720e+00,1.694160911704359451e+00,1.688846194512355847e+00,1.697548362640499020e+00,1.705829979429979382e+00,1.700249222157612872e+00
3.339041086073507358e+00,3.202298432896553138e+00,2.978763070430579862e+00,2.852800806443391402e+00,2.842845358497584574e+00,2.759540751221480903e+00,2.588550640732609320e+00,2.583692202044884478e+00,2.621073251182504560e+00,2.653003168406674384e+00,2.646894261404034943e+00,2.571571968695602450e+00,2.576029487884254010e+00,2.532448366544614249e+00,2.453818681501331866e+00,2.347696920420260458e+00,2.192175255559356550e+00,2.055714094399596625e+00,2.027466250652755431e+00,2.044523160158457920e+00,2.043805961795835735e+00,2.056374869253825288e+00,2.072594257955806984e+00,2.097318105147389478e+00,2.105958127336594821e+00,2.095888026392584536e+00,2.055912607179591234e+00,2.044308841734155724e+00,2.022092839975668799e+00,2.077094372692625424e+00,2.198928154020394210e+00,2.161211996072200936e+00,2.059636298108023400e+00,2.076271918989451404e+00,2.065059133245023659e+00,2.080386151521468552e+00,2.067222315556616952e+00,2.085396345892579717e+00,2.097892131312756980e+00,2.115979593690279881e+00,2.127783068452339776e+00,2.113753580401290577e+00,2.051979030207545129e+00,1.996861033449859546e+00,1.930299416162741366e+00,1.874020211653550039e+00,1.862071741016946502e+00,1.859834657874958053e+00,1.827780718243997571e+00,1.821620901706632267e+00,1.856037823444528501e+00,1.911016550410661097e+00,1.926731926196913802e+00,1.925116256505033929e+00,1.935013166502591808e+00,1.849907050637825678e+00,1.863323240923714152e+00,1.866378881072115803e+00,1.837245852549384217e+00,1.846182161412298628e+00,1.859100189918031942e+00,1.842367246200014685e+00,1.849803526176966528e+00,1.852582222764914910e+00,1.824797808714649472e+00,1.837094778284748431e+00,1.842242614775560616e+00,1.850905553712926643e+00,1.853494141512322058e+00,1.864598639228479238e+00,1.852598262850560173e+00,1.828966935375455405e+00,1.826441432520845565e+00,1.836222679221476195e+00,1.846489235236788984e+00,1.854725994462389504e+00,1.848978973014733684e+00,1.820108261657963578e+00,1.822566790472034182e+00,1.771538929774568505e+00,1.762530073040173173e+00,1.769798434095134931e+00,1.778474458965811023e+00,1.783072441607719272e+00,1.764444060168806727e+00,1.769390354426437550e+00,1.751830128917766016e+00,1.755861474115053111e+00,1.765326674242089888e+00,1.773431850755113226e+00,1.780301515060420003e+00,1.788590102470406284e+00,1.781051327637861004e+00,1.776891647237865524e+00,1.786042185240070079e+00,1.791220047571881580e+00,1.799768841170837463e+00,1.774354893187610305e+00,1.775987623101265012e+00
3.407469734337338796e+00,3.294749047427989019e+00,3.101240292442557056e+00,3.109554157211607883e+00,3.158850060337996535e+00,3.198558329996098681e+00,3.248794551072147652e+00,3.227025482112959587e+00,3.142950535401214385e+00,3.157962792301165500e+00,3.201586807058541595e+00,3.195568169714482210e+00,3.231234461686281367e+00,3.270925431357087909e+00,3.261659988643355490e+00,3.300589376922827167e+00,3.240481777621432080e+00,3.106412519239674985e+00,3.072010602911329880e+00,2.933366200444751826e+00,2.822961725399218302e+00,2.785664931947911427e+00,2.699360876762778805e+00,2.643047895828976035e+00,2.586968167819632569e+00,2.447497327885546525e+00,2.318462521994461234e+00,2.195417718245546990e+00,2.086607702261694453e+00,1.976223522599181770e+00,1.840726177738047697e+00,1.853429570193697140e+00,1.870768222795299529e+00,1.818494316063340444e+00,1.821879982639075912e+00,1.795789692667524307e+00,1.808669184032359878e+00,1.779182681670697486e+00,1.790359107405136152e+00,1.800572256289176831e+00,1.777238896814222757e+00,1.767724759382650168e+00,1.707991798135362282e+00,1.667333405229741272e+00,1.632984108461017936e+00,1.610612066984210999e+00,1.596500505525601632e+00,1.534596460961620279e+00,1.498295788004798235e+00,1.472710979306381951e+00,1.484203290984611456e+00,1.560346254308588199e+00,1.634652796202898495e+00,1.694254140457326807e+00,1.748029802628732199e+00,1.767046274852437815e+00,1.747837462769456618e+00,1.740697272379197580e+00,1.691886231149300368e+00,1.642256586367376370e+00,1.593590124319263834e+00,1.592667779277783469e+00,1.590737510473900329e+00,1.558346693343333200e+00,1.562544016098895483e+00,1.561616091232788550e+00,1.524279097540780725e+00,1.520611941069870188e+00,1.520227924328861224e+00,1.490218150613201287e+00,1.500995633773921867e+00,1.511522320284115706e+00,1.515106714395308529e+00,1.525771710878140563e+00,1.536291653709808358e+00,1.534910638294795460e+00,1.536222815857011037e+00,1.542315409378500535e+00,1.523858599674457137e+00,1.531520954028681825e+00,1.538008110626275959e+00,1.480236286051653583e+00,1.469384888501077624e+00,1.478347190728782401e+00,1.470818554106096299e+00,1.468322926048555299e+00,1.432837763386318075e+00,1.406889346113520123e+00,1.410622280503773363e+00,1.404703374402225702e+00,1.362480826627114228e+00,1.355341945722752905e+00,1.310344395891687830e+00,1.266100461430405888e+00,1.261884549699596514e+00,1.263990736567328188e+00,1.271012337153515137e+00,1.250906343125560927e+00,1.256265255789934976e+00
2.674278003422582817e+00,2.667287654699121546e+00,2.590329355387797516e+00,2.513996439875150202e+00,2.530145180602393129e+00,2.423106984399641117e+00,2.211725500776696496e+00,2.099766425730724251e+00,2.095105709992453491e+00,2.110522583972609834e+00,2.069413031375666012e+00,2.028996714944425683e+00,2.050039676489098017e+00,1.988181947012950257e+00,1.969693763596263469e+00,1.821651796106687149e+00,1.737443275874398729e+00,1.710205673736812093e+00,1.731432537979613384e+00,1.733186305750493927e+00,1.753752034402701776e+00,1.776283525976763089e+00,1.789946119763428101e+00,1.786903910147845886e+00,1.808103430247858245e+00,1.827944650688777095e+00,1.836076051909631301e+00,1.854547749147529068e+00,1.868270880156597702e+00,1.899041285520407962e+00,2.039597012207197579e+00,1.996159791665729655e+00,1.882885625352783254e+00,1.881985431791874275e+00,1.833783735361745659e+00,1.832929315551903082e+00,1.784998629414439764e+00,1.801275377967996416e+00,1.793080323346506244e+00,1.798870468436465808e+00,1.815508993683389471e+00,1.823989756259501327e+00,1.798045188613716761e+00,1.765410295719350930e+00,1.723413640003735647e+00,1.686306285315258169e+00,1.683104606280779070e+00,1.695203456337727843e+00,1.688902977255648752e+00,1.683834276419466258e+00,1.759367352192776845e+00,1.792838403717439189e+00,1.801168522647342396e+00,1.824795041691415820e+00,1.852697817179409512e+00,1.834719010657587246e+00,1.847598455159127795e+00,1.861402590965923087e+00,1.861265779977472778e+00,1.853800843857815517e+00,1.863694146143562325e+00,1.817559094681796328e+00,1.807169243341697040e+00,1.796106722182875259e+00,1.743487510617803382e+00,1.746611041623155725e+00,1.758605575685396216e+00,1.762039935079457109e+00,1.758693725871532942e+00,1.761379709635632507e+00,1.738843701536836539e+00,1.705022285315949793e+00,1.683007617022948432e+00,1.688317665711536630e+00,1.699348045305617783e+00,1.709397349631329277e+00,1.708516929230879278e+00,1.656402936884498356e+00,1.648056044120290498e+00,1.592323441934226258e+00,1.581949434928056952e+00,1.591455616513682170e+00,1.585502307729805826e+00,1.592767788743419954e+00,1.579573472397126421e+00,1.589165085382056919e+00,1.586170012467395196e+00,1.594589369404413093e+00,1.599377988938423423e+00,1.596606024624469544e+00,1.605918063078777713e+00,1.614187470052042439e+00,1.618776107653230989e+00,1.625332960326872467e+00,1.632087959992591264e+00,1.636651805911852886e+00,1.644613511039858755e+00,1.634053405093853550e+00,1.641458955843419831e+00
4.115027616907713792e+00,3.733342113504769966e+00,3.565849815752217822e+00,3.444035145278728560e+00,3.235989453081772549e+00,3.115678434139369291e+00,3.105013188337046870e+00,3.152481597503336452e+00,3.177904680500811985e+00,3.142664835993774997e+00,3.168200953260134956e+00,3.104762513427793635e+00,2.966900795976261662e+00,2.906374064634992926e+00,2.752921090218551914e+00,2.769028303488382470e+00,2.725757982514708022e+00,2.611417875419904888e+00,2.415291936113528326e+00,2.357022462078756764e+00,2.248034346121403182e+00,2.251573532289363300e+00,2.197797237725204855e+00,2.205188402700137829e+00,2.138545004028685526e+00,2.161231180873185220e+00,2.161026843104997486e+00,2.174767498076309202e+00,2.175619725374610347e+00,2.250605736696043024e+00,2.296547913526630680e+00,2.243058455864697098e+00,2.244928649547249133e+00,2.252983859174933823e+00,2.274495062684512181e+00,2.295742532639997613e+00,2.306318979892064469e+00,2.316103134417188514e+00,2.293400382012980909e+00,2.251440210462388070e+00,2.255613463354792625e+00,2.151957626729749773e+00,2.120684657496721304e+00,2.136698347819266708e+00,2.145848705626398623e+00,2.157977930760723861e+00,2.174167841879634633e+00,2.190886311333835934e+00,2.192847538000198604e+00,2.288198273997152032e+00,2.322872490382750232e+00,2.324071452226266210e+00,2.348541195262670467e+00,2.369178875342026647e+00,2.325514748882851812e+00,2.249036240667406705e+00,2.258594163917461817e+00,2.174581824876887115e+00,2.148660709721196049e+00,2.162931162908917848e+00,2.171329233947536963e+00,2.180958737742806353e+00,2.166366858948914675e+00,2.160602207822623022e+00,2.173321333576162750e+00,2.140085137387061298e+00,2.141468834896629314e+00,2.154269153227326150e+00,2.161939678375381479e+00,2.175371342574043521e+00,2.183491043165072032e+00,2.196446606504947052e+00,2.202197436466089453e+00,2.188592677745411663e+00,2.153055088022621799e+00,2.162707999553217242e+00,2.161375536944690534e+00,2.172732604170131587e+00,2.170381476644426488e+00,2.173018299925555841e+00,2.151503623883912475e+00,2.162472386324475693e+00,2.160310500850256332e+00,2.161019142222879719e+00,2.172521073190657681e+00,2.160763204294539275e+00,2.168761916521314781e+00,2.178662973742199416e+00,2.187496423559697423e+00,2.193075679353107432e+00,2.204063444444824160e+00,2.187256227773462847e+00,2.192405571001029951e+00,2.192929927896396514e+00,2.170395935213792260e+00,2.172145463555092970e+00,2.182660627283786958e+00,2.162132645656839269e+00,2.108105455229258851e+00
3.358304838081274557e+00,3.184131582210296685e+00,3.154262895033130398e+00,3.157493329718830566e+00,3.099707971508181448e+00,3.142218440538575130e+00,3.149120430265496040e+00,3.100982384968588690e+00,3.123842901591061150e+00,3.155839937061228895e+00,3.200820703147388091e+00,3.205506914404360863e+00,3.158842998495319243e+00,3.194000308791085985e+00,3.210450436376103944e+00,3.209912513533267120e+00,3.247243789598771802e+00,3.209639828381673166e+00,3.118128481598919421e+00,3.012480097526354594e+00,2.906138766859021949e+00,2.930000213528934694e+00,2.840526348220764774e+00,2.800608942801997792e+00,2.730994759322977306e+00,2.744844181884722012e+00,2.748428832356878182e+00,2.750870976735507512e+00,2.750140077018263352e+00,2.685231803159939368e+00,2.698506565681936920e+00,2.712849783437222051e+00,2.696226451210613106e+00,2.705483487357032590e+00,2.681181226300710208e+00,2.634418616978099426e+00,2.529394814566821470e+00,2.469851180640050270e+00,2.347341597759853737e+00,2.223754172315353550e+00,2.180588342460403339e+00,2.150809980899849538e+00,2.159885343137478042e+00,2.145786916158998636e+00,2.142460577964969026e+00,2.135296667963905382e+00,2.119371945696890691e+00,2.136334374688336979e+00,2.175745738726269085e+00,2.231824980341341025e+00,2.324164924684105848e+00,2.369117887611258855e+00,2.442638166146623657e+00,2.568303724058693671e+00,2.598131195612460864e+00,2.729373687135202786e+00,2.693123507614488599e+00,2.634099350931121020e+00,2.621362205287116609e+00,2.581734460955965815e+00,2.535047268611760440e+00,2.454409449834707768e+00,2.364172817055844700e+00,2.368229255348346385e+00,2.345856102329236137e+00,2.258156992259392037e+00,2.226425492738402401e+00,2.206514049270996036e+00,2.195553768654829874e+00,2.167564883862284297e+00,2.114278478633607516e+00,2.074834638513987084e+00,2.010199982292722343e+00,1.957873161029133557e+00,1.921677928255358436e+00,1.914167050278385629e+00,1.913971859450606550e+00,1.875139579076162022e+00,1.872582889346314783e+00,1.862768056245377002e+00,1.872057518074877969e+00,1.859458824539576893e+00,1.810733940686504173e+00,1.820648376811011104e+00,1.816667418651088939e+00,1.817044907134697684e+00,1.827357215679545455e+00,1.836586283721869384e+00,1.842753775941534666e+00,1.824937142506596111e+00,1.830404496914181278e+00,1.803874124483466623e+00,1.805353228100336160e+00,1.791699976607044054e+00,1.742695639314898681e+00,1.725337103455339971e+00,1.730562745321778673e+00,1.720806072084810623e+00,1.678584882931806854e+00
1.897294852881727278e+00,1.834428763326808598e+00,1.861598884240768914e+00,1.896110838327569326e+00,1.919606731046832548e+00,1.942314506441855659e+00,1.907945891582466968e+00,1.776638748969564086e+00,1.765702943377406964e+00,1.793501544994995145e+00,1.779534826837615658e+00,1.808911384159602287e+00,1.815572860704069758e+00,1.841069910964437506e+00,1.841692828257612158e+00,1.823040390765888308e+00,1.849126611340677462e+00,1.854807860310920153e+00,1.806275825270901914e+00,1.655229191205569439e+00,1.544597270473423212e+00,1.502678159238966860e+00,1.404262677645716995e+00,1.317793307920016810e+00,1.253420417700914502e+00,1.255825183321412464e+00,1.263499688303207691e+00,1.266485191553417655e+00,1.273302167683059150e+00,1.185718626688341271e+00,1.233208530504107170e+00,1.245400522085704731e+00,1.213222323452080254e+00,1.210969972692033103e+00,1.144967789357019816e+00,1.146249243296979525e+00,1.086738866750852850e+00,1.093515878851267553e+00,1.047561527711921903e+00,1.012045529859537885e+00,1.024140443564963920e+00,1.006833559421520086e+00,1.020789293393296271e+00,1.032521116759457014e+00,1.043603176601647364e+00,1.053725207248503493e+00,1.065826643036346777e+00,1.073058562516349568e+00,1.084070116769278558e+00,1.128462610458287330e+00,1.224456145216085590e+00,1.216809496603061813e+00,1.212263882466409148e+00,1.213670015338414343e+00,1.190335355004839668e+00,1.269025890927704125e+00,1.277467520092260278e+00,1.257940954509073173e+00,1.268306277457324827e+00,1.260052579831782760e+00,1.258549804756374124e+00,1.201128182142256140e+00,1.158323162408315676e+00,1.157073914022926697e+00,1.110346443701124342e+00,1.078049597803590443e+00,1.084613744783390565e+00,1.092639214424746541e+00,1.100041811969131311e+00,1.099350553769642191e+00,1.079113077163818213e+00,1.058986173472749259e+00,1.019123097142794698e+00,1.012476256832372190e+00,1.015066443791785789e+00,1.024370846007376379e+00,1.031188582487905236e+00,9.888984467890696850e-01,9.909672625121075384e-01,9.762946481526079134e-01,9.852130206440934401e-01,9.834024090421394915e-01,9.377131706371469866e-01,9.421780394626046995e-01,9.461231746028232470e-01,9.341747449638541090e-01,9.428208044978050317e-01,9.510017083428441431e-01,9.367908264919526662e-01,9.036810662770864422e-01,9.079205561508347788e-01,8.841250670904270414e-01,8.907939644669546908e-01,8.961121736215715838e-01,8.701910978350652082e-01,8.731130784165673786e-01,8.771655153501602964e-01,8.848126711999801941e-01,8.798754177614587224e-01
1.599677845638801665e+00,1.529964768204158831e+00,1.556025100667445704e+00,1.576357645327842727e+00,1.603914132790716041e+00,1.578676731533957156e+00,1.609038092933857245e+00,1.607136451487098050e+00,1.637266905833374420e+00,1.663874938401016079e+00,1.645985940872264131e+00,1.667701158152977481e+00,1.687661085074277478e+00,1.653490892248386857e+00,1.575405217083216458e+00,1.598677913284070051e+00,1.604228247656080519e+00,1.624699019192886285e+00,1.605334464409225559e+00,1.542278694739501521e+00,1.505065692634843799e+00,1.408038173814616822e+00,1.394951121444671926e+00,1.384757101013976532e+00,1.384365785304989771e+00,1.403413759925852267e+00,1.422581984238229680e+00,1.441549554261181587e+00,1.460220698970855491e+00,1.524469068181933951e+00,1.521920508424768670e+00,1.488090009915447931e+00,1.500802124852162578e+00,1.513848515163120467e+00,1.525197405859460398e+00,1.493133952569531742e+00,1.504811952256074781e+00,1.477752757626198621e+00,1.490353180147984125e+00,1.503104544632056339e+00,1.484134460883638651e+00,1.474863907779571326e+00,1.489825319914451995e+00,1.467218163825527277e+00,1.451497953061838153e+00,1.437214865695665145e+00,1.424757137335914914e+00,1.429370007058978098e+00,1.456150815808217036e+00,1.462670076063015800e+00,1.375696129200944640e+00,1.252356277769571147e+00,1.170989004940273137e+00,1.078507169059090387e+00,1.065288361610866597e+00,1.036577710997922619e+00,9.891785945794340229e-01,9.967196241128981615e-01,1.000569459423325647e+00,9.767755215106703748e-01,9.565098758856135364e-01,9.670428723584945097e-01,9.774915288710011030e-01,9.782655950356434760e-01,9.866031130363178692e-01,9.967446624140350320e-01,9.810724134821295905e-01,9.339047375240790982e-01,8.919412501087776723e-01,8.746883170608278357e-01,8.799642135041413349e-01,8.857652731416247871e-01,8.956040248093318779e-01,9.017422447503383731e-01,9.105418002029050939e-01,8.798889771550784111e-01,8.624682617793876238e-01,8.719398969728767712e-01,8.606278591209076678e-01,8.675272947931946810e-01,8.407697933156536019e-01,8.475247098864451267e-01,8.475590486130345491e-01,8.017445880881765019e-01,8.040675142628304073e-01,7.706417967025384064e-01,7.768159924424018481e-01,7.832222127232274511e-01,7.547595968026316049e-01,7.459774313457977479e-01,7.543191006182224934e-01,7.464678657774984627e-01,7.545604711550973898e-01,7.571803413266761096e-01,7.607195574658213166e-01,7.654594638830108932e-01,7.334657867144978027e-01,7.311463011893253316e-01,7.373724701097401635e-01
6.455928302966149168e+00,6.164467056995937888e+00,5.832794309545913158e+00,5.868902408741831778e+00,5.947642382863683963e+00,6.037801062601386271e+00,6.125194441445906079e+00,6.072282960747093838e+00,5.975053948228559619e+00,6.011111359518332087e+00,6.080210274214816302e+00,6.091866189962860112e+00,6.146312599748662286e+00,6.222119419927643058e+00,6.146376348557191172e+00,6.213645848215514356e+00,6.095371124622673165e+00,5.876341660282993651e+00,5.776302622974973211e+00,5.468509554764692027e+00,5.220670293361057368e+00,5.085878578042520637e+00,4.898368532639871376e+00,4.770138140093302503e+00,4.642937730523912343e+00,4.425769410231985113e+00,4.225146915457402841e+00,4.040933944802664435e+00,3.879323872416483798e+00,3.689359633584202491e+00,3.496171200478809027e+00,3.527999371101676829e+00,3.551023720615362311e+00,3.498773562134436244e+00,3.497166819737291821e+00,3.499502982021398534e+00,3.524668938647854244e+00,3.520157107877441405e+00,3.541959908590423201e+00,3.561995094944878648e+00,3.560581723765698481e+00,3.516614775937716431e+00,3.428010942407222927e+00,3.327636184628988136e+00,3.240552674266453437e+00,3.175650474547471624e+00,3.129828457511129702e+00,3.018241344802703896e+00,2.891280247028377826e+00,2.843689645199301452e+00,2.830236332146876865e+00,2.902620991349901924e+00,2.972764205753221312e+00,2.989562897353077009e+00,2.991809899129169725e+00,2.996915230523922169e+00,2.993577677070660581e+00,2.963965542670989883e+00,2.894662565679282817e+00,2.850878065339442102e+00,2.804532258963840619e+00,2.802511935468364968e+00,2.797179296471329124e+00,2.766269288421290273e+00,2.767904487282797366e+00,2.763497934108620768e+00,2.729884966913950883e+00,2.741667943708534949e+00,2.755158468978335939e+00,2.733787987585561297e+00,2.748426529979617339e+00,2.762308559946070385e+00,2.766560432247875401e+00,2.781821310343905118e+00,2.797086353875627651e+00,2.807385001618048825e+00,2.817644237608358804e+00,2.826684412212729480e+00,2.818248557120763387e+00,2.826381116092375301e+00,2.841035730867350395e+00,2.764474855513144202e+00,2.733758473021970392e+00,2.735075276927826593e+00,2.714446936819854717e+00,2.684950338564836780e+00,2.620469937472229116e+00,2.574588704416920226e+00,2.563499246965277312e+00,2.537311893344999181e+00,2.476258664896984207e+00,2.445485577993134374e+00,2.377477137968457388e+00,2.320126826042451462e+00,2.301627251556675802e+00,2.300553739261755659e+00,2.310935863479206986e+00,2.288308947246003200e+00,2.290106614752121850e+00
3.060685082933151335e+00,3.086361234189995084e+00,3.059160094675964281e+00,3.106605507786355691e+00,3.118954383532478669e+00,3.169898713119629896e+00,3.199645372394647413e+00,3.216591657199644239e+00,3.184511400693686767e+00,3.118678328381374598e+00,3.129205594308979599e+00,3.172870699469705791e+00,3.200741760397753932e+00,3.233966389781716799e+00,3.214248935197078882e+00,3.221106531457822886e+00,3.151897848246616896e+00,3.144178183302396068e+00,3.174702995866054867e+00,3.124080762862353478e+00,3.113110207135715513e+00,3.012641384223810448e+00,3.017445587286694320e+00,3.014695044861577689e+00,3.034119252424975599e+00,2.971980954209410886e+00,2.945602971179230423e+00,2.925837105881857969e+00,2.922269606560802035e+00,2.901191120494041709e+00,2.816556978788650412e+00,2.833959516931149558e+00,2.823162136790626331e+00,2.835904024273583346e+00,2.861391090283544880e+00,2.869583054572750758e+00,2.844909344235095006e+00,2.849040795564060868e+00,2.819188896086464613e+00,2.790814619588860346e+00,2.800614405805792018e+00,2.821267454342661463e+00,2.824534321090597988e+00,2.684642778670649044e+00,2.577633099295463470e+00,2.478142601840706671e+00,2.366986373536982935e+00,2.308042115611158795e+00,2.184502948793334287e+00,2.046967572832198101e+00,1.891239109421447573e+00,1.859310757185348217e+00,1.820430799147059409e+00,1.833005925063194486e+00,1.828422127174638367e+00,1.839715661094856181e+00,1.824324964779699521e+00,1.828727339530861418e+00,1.842133066595539992e+00,1.852676875094033226e+00,1.859515229287813876e+00,1.848612907922904336e+00,1.830483717696733681e+00,1.836584768630610709e+00,1.848717212324435311e+00,1.828251060949631412e+00,1.835950410752882789e+00,1.823168419548601538e+00,1.817350585847400612e+00,1.826336197760249691e+00,1.776506057299105823e+00,1.739122446795565935e+00,1.731230266212689051e+00,1.681053505048766938e+00,1.642093167209330851e+00,1.637241757021164812e+00,1.636809354881631817e+00,1.639440424833789267e+00,1.649610403667307601e+00,1.634464379698050251e+00,1.642294943737470758e+00,1.640728776331612071e+00,1.650873520030878838e+00,1.635673161355401195e+00,1.580487741415223413e+00,1.574240603309050357e+00,1.533354532510708745e+00,1.483778434453598916e+00,1.476042452820463868e+00,1.481490497296674924e+00,1.464034705323264962e+00,1.472366105228019473e+00,1.464939409275447302e+00,1.472173068201831470e+00,1.476738150483380974e+00,1.425055504637904313e+00,1.415350121480045686e+00,1.422385858859442909e+00,1.411598393108690397e+00
4.481933322461501668e+00,4.208577786759612138e+00,4.113098616544198727e+00,4.181550467470617427e+00,4.230226207174657027e+00,4.259027365552690902e+00,4.320299509796615922e+00,4.277657866777743401e+00,4.304637865906580707e+00,4.346671588178542933e+00,4.354950937035868108e+00,4.408990813717896806e+00,4.441298684579456868e+00,4.446083348421696613e+00,4.286616600533207588e+00,4.333042179245089720e+00,4.275889619903796124e+00,4.226128073793910644e+00,4.129931010122986912e+00,3.880202505952203396e+00,3.691164637629562595e+00,3.472036344697278398e+00,3.346589894418718902e+00,3.252510212947308244e+00,3.173135255816534439e+00,3.136572030791898946e+00,3.110003029869899738e+00,3.093656478935242760e+00,3.084777099367448372e+00,3.091379982074474952e+00,3.056469359856412105e+00,3.033553198797696027e+00,3.048994327896759948e+00,3.073420876767558152e+00,3.078453868801460658e+00,3.085518122871533375e+00,3.110715299026991509e+00,3.123767134899571030e+00,3.149508995322801042e+00,3.175178843677452623e+00,3.191292925034941330e+00,3.144148054517903024e+00,3.142541650024685218e+00,3.058191202153647481e+00,2.988424392942388597e+00,2.929409223605415669e+00,2.882606504706715533e+00,2.844647171129372154e+00,2.779451874566734038e+00,2.767913827842540364e+00,2.633498299148434807e+00,2.454860474465361264e+00,2.328785774808330267e+00,2.141691831152066516e+00,2.021644452090699318e+00,1.950102762807780277e+00,1.939077434038914749e+00,1.919511751676199474e+00,1.928887045118679922e+00,1.938952864317865954e+00,1.950757202506004040e+00,1.962191721360425634e+00,1.972496703442413013e+00,1.986011740854593421e+00,1.988933394517285125e+00,1.999001636618138678e+00,2.010107093926265964e+00,1.985007111084988951e+00,1.961749281702058978e+00,1.970751807553535517e+00,1.977667267382912764e+00,1.984135233883995708e+00,1.994392947278740724e+00,2.003782200333124042e+00,2.015500078998777589e+00,2.006172072537922180e+00,2.006217706458515604e+00,2.016907707846937292e+00,2.024932973459104613e+00,2.029364077384864018e+00,2.010573227571418986e+00,2.012198854299972695e+00,1.988538907616299811e+00,1.930703468411875123e+00,1.916217478912592309e+00,1.845499188330854912e+00,1.823064840518524354e+00,1.808757849134864593e+00,1.757775248422585479e+00,1.721177635115280102e+00,1.718364475471307218e+00,1.678815358388259460e+00,1.674319144023491024e+00,1.680298339237235483e+00,1.666440914365652670e+00,1.665276618478891635e+00,1.636601254493827096e+00,1.645528559653758327e+00,1.645194896760453496e+00
3.797321725149214622e+00,3.668588327079996159e+00,3.464894406004876082e+00,3.313946337785050655e+00,3.287655469195099656e+00,3.328127586509602942e+00,3.380393528915179413e+00,3.418624900221691743e+00,3.420157171237866223e+00,3.463929206938141991e+00,3.478839458220214453e+00,3.379279052908218617e+00,3.367595782107032587e+00,3.395232976004983527e+00,3.426512186739083088e+00,3.469131922337834073e+00,3.467289509278880022e+00,3.321764205269308601e+00,3.279233598503902058e+00,3.252659636475505600e+00,3.206893168213732714e+00,3.242361093788952875e+00,3.204759134633607065e+00,3.209502252269177625e+00,3.175500439870887703e+00,3.136160768107553842e+00,3.069306829133505943e+00,3.013002658627806696e+00,2.949876729774583151e+00,2.938503847247222467e+00,2.882982202457273324e+00,2.886107944230250411e+00,2.911091442550942432e+00,2.903299058321715531e+00,2.924106256629318334e+00,2.823182087602179369e+00,2.791806103615157575e+00,2.653937662821495458e+00,2.598083567090415880e+00,2.532582639881934217e+00,2.405356845232379026e+00,2.401243675334038485e+00,2.357742450136726120e+00,2.372078592100674399e+00,2.390120603800601540e+00,2.405985559564291165e+00,2.412184360431656405e+00,2.424941495016212478e+00,2.544017856675878875e+00,2.575496752376011056e+00,2.585363458290416361e+00,2.664005252305402305e+00,2.734458761302801300e+00,2.823041473705210969e+00,2.916139531538076035e+00,2.985942402784791394e+00,2.889692502846460176e+00,2.857838144743677145e+00,2.784724727370415653e+00,2.707263608615644745e+00,2.606150636561313405e+00,2.585189281179423038e+00,2.546162396170851938e+00,2.538795995893034174e+00,2.551488487788082349e+00,2.506808679936695317e+00,2.415244672539873960e+00,2.357244193873775373e+00,2.320148578961446884e+00,2.257627918346915230e+00,2.249694389076449585e+00,2.251113446468689716e+00,2.236617994898611350e+00,2.217582515150010369e+00,2.202840720228480542e+00,2.148812240001881424e+00,2.101953701211582537e+00,2.106038431888371587e+00,2.086545157556450647e+00,2.098360305826354910e+00,2.100092147030664602e+00,2.057221423480942502e+00,2.051031474493847817e+00,2.050349668373700140e+00,2.061411672263839812e+00,2.072397334136780511e+00,2.072875662953099329e+00,2.082131266990746798e+00,2.090817114853387171e+00,2.098261480179084870e+00,2.088296017513021852e+00,2.087667928243218451e+00,2.062040427375452900e+00,2.008123747336430398e+00,1.993386416312463938e+00,1.996083434893280772e+00,1.977016586132865683e+00,1.914849425268574601e+00,1.895297506549058486e+00
